pop_label,network_code,N,seed,dominant_group,flex_mean,cost_norm_mean,adjustment_mean,price_contrib_mean,social_contrib_mean,price_contrib_pct,social_contrib_pct,savings_per_flex_mean
Habitual,500a,500,1,Habit-driven,1.2818509754489156,8.797658991734282,0.918441092187491,0.9651412630139286,0.31670971243498686,75.29278219536617,24.70721780463383,-6.881673931254082
Habitual,500a,500,1,Price-responsive,5.873427415805853,7.951672155497544,3.1718162882626113,4.6819894320506,1.1914379837552522,79.71477470634949,20.28522529365051,0.004387194198770279
Habitual,500a,500,1,Social-influenced,2.38754584828544,8.831522490834475,1.041446042511549,1.2157113706669136,1.1718344776185263,50.91887016703567,49.08112983296433,-0.9390978879553612
Progressive,500a,500,1,Habit-driven,1.4142628889180064,8.685467641944063,1.1065380659140378,0.9364845372731194,0.477778351644887,66.2171470814443,33.78285291855571,-6.9954744871076535
Progressive,500a,500,1,Price-responsive,5.630776673688675,7.925271773565373,3.3286292863780425,5.044139182680321,0.5866374910083532,89.5815883846082,10.418411615391806,-0.018840731506634234
Progressive,500a,500,1,Social-influenced,2.6859433694652766,8.614290775886314,1.67862746377094,1.149099501325246,1.5368438681400307,42.78197055040707,57.21802944959292,-1.1142090004642984
Tipping,500a,500,1,Habit-driven,1.2377207326201765,8.812015282963946,0.9025054681341396,0.9355575231806743,0.30216320943950215,75.58712547378586,24.412874526214146,-7.523721623485578
Tipping,500a,500,1,Price-responsive,6.2454721224408285,8.073456501705643,3.1374675832607988,4.84877182689561,1.3967002955452186,77.63659386891369,22.36340613108631,-0.02473546920772012
Tipping,500a,500,1,Social-influenced,2.0168262533546164,8.80564869731736,1.0123904124978131,0.9776913233124128,1.0391349300422037,48.476725334480584,51.52327466551942,-5057.108706426655
Balanced,500a,500,1,Habit-driven,1.385193306174452,8.70116075621613,1.0524995411065443,0.9556050572598442,0.4295882489146079,68.98712641768245,31.012873582317564,-7.7078387121152545
Balanced,500a,500,1,Price-responsive,5.9627395627015956,7.9864491675721005,3.2322838133970517,5.323919407954699,0.6388201547468959,89.28646559137223,10.71353440862776,-0.03312417607596394
Balanced,500a,500,1,Social-influenced,2.4115465594116228,8.67561692587836,1.514095141581224,0.9051241551690419,1.5064224042425807,37.53293303156781,62.46706696843219,-3964.724539601146
Habitual,500a,500,2,Habit-driven,1.195712853513672,8.78433886324929,0.8843988792529851,0.9072537860909456,0.2884590674227263,75.87555686341645,24.124443136583544,-21.739681751860303
Habitual,500a,500,2,Price-responsive,5.42160117168733,8.019600419758483,3.3281546643258064,4.5618837377279,0.8597174339594303,84.1427392621751,15.85726073782491,-0.03002574906646394
Habitual,500a,500,2,Social-influenced,2.0536498135232977,8.835948187830883,0.946682071481385,0.9836933520345787,1.069956461488719,47.89976097954732,52.10023902045269,-1.1977095785595795
Progressive,500a,500,2,Habit-driven,1.4449503608002423,8.661100526414275,1.085488833231005,0.9558284242673364,0.489121936532906,66.14956819263878,33.850431807361225,-10.090104724270564
Progressive,500a,500,2,Price-responsive,5.99602419810738,7.910810947633823,3.115870321848518,5.456255461942874,0.5397687361645057,90.99788929579567,9.00211070420432,-0.022337895331808386
Progressive,500a,500,2,Social-influenced,2.476419714433891,8.61212240808669,1.561329827375244,0.8013538693452236,1.6750658450886682,32.359372067445065,67.64062793255493,-170.93214350386367
Tipping,500a,500,2,Habit-driven,1.2165101887400496,8.785598850578358,0.8936247233157,0.9076478836920986,0.3088623050479509,74.61079176263682,25.38920823736317,-10.92746457883935
Tipping,500a,500,2,Price-responsive,5.608242015748724,7.964619256476688,3.2970817382170114,4.628126415992001,0.9801155997567242,82.52365719944997,17.476342800550032,0.0032078600969901072
Tipping,500a,500,2,Social-influenced,1.8888526431577968,8.761671372443985,0.9897673391606936,0.8914784027302864,0.9973742404275102,47.19682109451941,52.803178905480586,-306.96778593074976
Balanced,500a,500,2,Habit-driven,1.4236871287107682,8.668359638501258,1.1215363439710082,0.9438282815928927,0.47985884711787535,66.2946417481195,33.7053582518805,-11.085578559229296
Balanced,500a,500,2,Price-responsive,5.596757846739669,7.908210649499294,3.359764062783921,5.050417355865637,0.5463404908740331,90.23826819321302,9.761731806786992,-0.014599974402147178
Balanced,500a,500,2,Social-influenced,2.4722975950906196,8.58860363348414,1.6019426554172156,0.9732362801573259,1.4990613149332943,39.36566059401327,60.634339405986736,-32.82746946432893
Habitual,500a,500,3,Habit-driven,1.264463228121504,8.785707962363402,0.8928516183682703,0.9505161640545201,0.31394706406698386,75.17151490965965,24.828485090340347,-236.75061655978016
Habitual,500a,500,3,Price-responsive,5.652545215729824,7.984341614780576,3.3081120618036395,4.678620519200667,0.9739246965291569,82.7701564629871,17.229843537012897,0.0024240696108992197
Habitual,500a,500,3,Social-influenced,1.9294115478991152,8.779561027312733,0.9931684086750454,0.8757816647493532,1.053629883149762,45.39112796867877,54.60887203132123,-1.3142248880822305
Progressive,500a,500,3,Habit-driven,1.4844223157800986,8.666940149381595,1.1455851409423738,0.9882495389454128,0.49617277683468597,66.57468891701916,33.425311082980826,-6.803270429481158
Progressive,500a,500,3,Price-responsive,5.891223148499945,7.940174935020588,3.2436787594004066,5.296352713155085,0.5948704353448597,89.9024290822131,10.097570917786893,-0.0274307255041866
Progressive,500a,500,3,Social-influenced,2.7143284442742934,8.573499949490405,1.624620574670651,1.060126865070094,1.6542015792041993,39.05669070028595,60.943309299714066,-1.297490711334276
Tipping,500a,500,3,Habit-driven,1.2751329094570865,8.78349811010426,0.9201763069069557,0.9542029848819839,0.3209299245751026,74.83164914065742,25.168350859342574,-12.518530951914313
Tipping,500a,500,3,Price-responsive,5.583300080175594,7.906504736971894,3.300862637072426,4.627081475778684,0.9562186043969095,82.87359463640298,17.126405363597023,0.021743020310036994
Tipping,500a,500,3,Social-influenced,2.1102663174433305,8.76248029962182,1.0465778134815948,1.0560656874498529,1.0542006299934779,50.04419009678918,49.955809903210834,-705.4480857379225
Balanced,500a,500,3,Habit-driven,1.4151167746886923,8.69588632909178,1.0898984559521545,0.9535525184056474,0.46156425628304487,67.3833096647036,32.616690335296404,-7.205378602240015
Balanced,500a,500,3,Price-responsive,5.790204122395745,7.983370902550238,3.144941360458954,5.1697557626327795,0.6204483597629646,89.28451663106051,10.715483368939488,-0.036549126256251015
Balanced,500a,500,3,Social-influenced,2.4154030584048845,8.641541484338038,1.5157489662353345,0.9026235279369969,1.512779530467888,37.36947855539618,62.630521444603815,-232.010354516534
Habitual,500a,500,4,Habit-driven,1.2871771238108052,8.686654379604466,0.922570274248137,0.9570858447117506,0.3300912790990547,74.35541131108752,25.644588688912474,-16.036437341583547
Habitual,500a,500,4,Price-responsive,5.605585134418881,7.869917416730073,3.2840080781860537,4.621526609716086,0.9840585247027946,82.4450347090338,17.554965290966184,-0.0012034834951356057
Habitual,500a,500,4,Social-influenced,2.288469341678103,8.774479914712005,1.076985002042746,1.2027914274973872,1.0856779141807158,52.55877391896353,47.441226081036476,-4.812777771232955
Progressive,500a,500,4,Habit-driven,1.518558160413015,8.547241374077226,1.1678149773232085,0.9886988647839795,0.5298592956290356,65.10773775797134,34.89226224202867,-17.636988108351336
Progressive,500a,500,4,Price-responsive,5.673022918181306,7.849756547576749,3.2527034745994463,5.194243067220474,0.47877985096083253,91.56041042199203,8.43958957800796,-0.02328045887041448
Progressive,500a,500,4,Social-influenced,2.839587597815769,8.566821407666492,1.7138669867726801,1.1911444069906605,1.6484431908251085,41.94779579636484,58.05220420363516,-17.945155726002618
Tipping,500a,500,4,Habit-driven,1.2824241242169576,8.698805587844266,0.9340782441568537,0.9573740250349946,0.32505009918196304,74.65346346471475,25.346536535285246,-16.96300802510799
Tipping,500a,500,4,Price-responsive,5.326266881464279,7.910608969219717,3.3067752214942034,4.504980824440246,0.8212860570240333,84.5804561562216,15.419543843778408,-0.0021688667613893008
Tipping,500a,500,4,Social-influenced,2.1165382771163874,8.680992698104689,1.0808153494998263,1.03928097531598,1.0772573018004075,49.10286700469771,50.897132995302286,-10.146307791846828
Balanced,500a,500,4,Habit-driven,1.4789433382788415,8.569784634223947,1.1238933636885167,0.9834638531348134,0.49547948514402823,66.49773711272434,33.50226288727567,-15.485076364245153
Balanced,500a,500,4,Price-responsive,5.756210971900622,7.87978453154419,3.2338606549488578,5.209058330835474,0.5471526410651465,90.4945693662704,9.50543063372961,-0.028790941456394277
Balanced,500a,500,4,Social-influenced,2.498343747269142,8.521287910273264,1.5802106302621635,0.9872112776132288,1.511132469655913,39.51462958979593,60.48537041020406,-2.2297168195214825
Habitual,500a,500,5,Habit-driven,1.2439730436231522,8.795759976202543,0.923690072702871,0.9550962584236024,0.28887678519955007,76.77789027018001,23.22210972982,-151.89137984861307
Habitual,500a,500,5,Price-responsive,5.227798298915948,7.994605610228827,3.293775420404269,4.44423443215489,0.7835638667610573,85.01158954576461,14.988410454235378,-0.013660740741826959
Habitual,500a,500,5,Social-influenced,1.8573624921507532,8.854245184831795,0.981387968230707,0.8289409201147738,1.0284215720359797,44.63000214647882,55.36999785352118,-2.194226803354262
Progressive,500a,500,5,Habit-driven,1.4395132537854174,8.658582355923546,1.1255209800157004,0.9919108912752135,0.44760236251020386,68.90599226278981,31.094007737210188,-3.8976142499302537
Progressive,500a,500,5,Price-responsive,5.752870841501445,7.901144102248712,3.1963874231832743,5.226923479285673,0.525947362215771,90.85765391391087,9.142346086089146,-0.014068074620814892
Progressive,500a,500,5,Social-influenced,2.592656714689022,8.626488616638447,1.6169885069791254,0.8962463364941136,1.6964103781949087,34.56864657076725,65.43135342923274,-75.87609598469838
Tipping,500a,500,5,Habit-driven,1.2504635376392654,8.796975004858549,0.9435514433367628,0.971108867844473,0.27935466979479256,77.65991079418575,22.340089205814248,-182.73624051599225
Tipping,500a,500,5,Price-responsive,5.717744547603647,7.984592818012043,3.2307084466129097,4.64001387164414,1.0777306759595073,81.15112231778187,18.84887768221812,0.00975067699782876
Tipping,500a,500,5,Social-influenced,1.8668112712649017,8.817512869006126,1.0157681608344737,0.8951999649224268,0.9716113063424747,47.95342618195482,52.04657381804518,10.961949522588645
Balanced,500a,500,5,Habit-driven,1.3961264752683773,8.701121236870579,1.0921285744557754,0.9955397502392016,0.4005867250291761,71.30727537043725,28.69272462956275,-4.396149291811487
Balanced,500a,500,5,Price-responsive,5.7966089301425,7.894044203010709,3.2252255984529614,5.237374785775437,0.5592341443670624,90.35239135317492,9.647608646825079,-0.013101795388214594
Balanced,500a,500,5,Social-influenced,2.382240115069799,8.65455989519979,1.5176302545604383,0.9046323385626295,1.4776077765071696,37.97402003433747,62.025979965662536,-34.24177599145254
Habitual,500a,500,6,Habit-driven,1.2028757088580646,8.762653604607515,0.9149493596630165,0.9178950955884851,0.28498061326957946,76.30839070313239,23.691609296867615,-14.519630541069704
Habitual,500a,500,6,Price-responsive,5.229491970615677,7.883444177507163,3.405653128221544,4.519636711128563,0.7098552594871143,86.42592313984294,13.574076860157062,0.032987297438270356
Habitual,500a,500,6,Social-influenced,2.5610151095673337,8.766630561301515,1.1145185811772085,1.4346394481621874,1.1263756614051461,56.0183906296656,43.981609370334404,-0.9117705229727139
Progressive,500a,500,6,Habit-driven,1.3880210860936102,8.641202337102914,1.0878791337360958,0.9409825777447732,0.44703850834883707,67.79310395010181,32.206896049898205,-14.122884715851578
Progressive,500a,500,6,Price-responsive,5.90209301950216,7.919811426614651,3.2758293946925527,5.313505385106119,0.5885876343960422,90.02747614361238,9.972523856387634,-0.02661891468708945
Progressive,500a,500,6,Social-influenced,2.5827000053084435,8.609898702186676,1.6424943293177348,0.9279497847804353,1.6547502205280085,35.929445265541524,64.07055473445847,-0.7594861254524868
Tipping,500a,500,6,Habit-driven,1.2146592823684617,8.772350018987657,0.9154424935565331,0.931051124205346,0.28360815816311585,76.65121715366067,23.34878284633933,-13.819899824782024
Tipping,500a,500,6,Price-responsive,5.479083281192539,7.8990908424983335,3.3247616243831146,4.590510357188646,0.8885729240038919,83.7824526768191,16.217547323180888,0.012124074322870708
Tipping,500a,500,6,Social-influenced,2.129345959703596,8.780625547978559,1.0614290685900263,1.1242511522657959,1.0050948074377997,52.79795644021563,47.20204355978437,0.707020828248687
Balanced,500a,500,6,Habit-driven,1.3706571898057591,8.669995272346274,1.068007171481861,0.9549726242623229,0.41568456554343625,69.67260897654909,30.327391023450907,-15.343032008641886
Balanced,500a,500,6,Price-responsive,5.9157438408622465,7.957737721914204,3.2888239958211387,5.306861495790964,0.6088823450712822,89.70742544892656,10.292574551073445,-0.02947668278006294
Balanced,500a,500,6,Social-influenced,2.49448186765392,8.639342551611545,1.571928648898827,1.0816644113110359,1.412817456342885,43.36228799002454,56.63771200997547,-5.055208327504969
Habitual,500a,500,7,Habit-driven,1.2358225214258558,8.774438438369133,0.8921917684306981,0.9246188572790323,0.3112036641468238,74.81809412343723,25.181905876562773,-18.97197513708008
Habitual,500a,500,7,Price-responsive,5.633871994411686,7.9130651957430596,3.3005132307423763,4.642293083985215,0.9915789104264715,82.39969045427316,17.600309545726848,0.019386076841652854
Habitual,500a,500,7,Social-influenced,1.9630817344059508,8.800859962126346,0.9933918055422759,0.9744601082688376,0.988621626137113,49.639303916386325,50.360696083613675,-1.2818828652458734
Progressive,500a,500,7,Habit-driven,1.503284067707861,8.656824508174344,1.1530074733244082,1.0049225079298487,0.4983615597780121,66.84847724502985,33.15152275497013,-6.2831455544763015
Progressive,500a,500,7,Price-responsive,5.774437282704988,7.90828526837914,3.2997443938404647,5.262117641901509,0.5123196408034797,91.12779971932629,8.872200280673717,-0.0203467437152507
Progressive,500a,500,7,Social-influenced,2.6169906856899865,8.598109588161849,1.628275126305679,0.93282673873581,1.684163946954176,35.645015621821535,64.35498437817847,-1.311276059939603
Tipping,500a,500,7,Habit-driven,1.2061285366921177,8.7712136684876,0.8861849385391779,0.9035194670089749,0.3026090696831429,74.91071138130377,25.08928861869623,-15.986224419629943
Tipping,500a,500,7,Price-responsive,5.162880523891282,7.944412201342799,3.4291281067986126,4.47951756705263,0.6833629568386504,86.76392076716898,13.236079232831004,0.01637158143427196
Tipping,500a,500,7,Social-influenced,2.156607496461316,8.750955860070391,1.029354896870662,1.086121857464154,1.0704856389971615,50.362518874961005,49.63748112503899,-19.359859858392824
Balanced,500a,500,7,Habit-driven,1.5194045017192996,8.646440059449217,1.138053454342226,1.011163184507803,0.5082413172114966,66.54996634297251,33.45003365702749,-6.755400380035846
Balanced,500a,500,7,Price-responsive,5.706532229347673,7.916383420288334,3.1702368580237645,5.186280933866124,0.5202512954815494,90.88323215269003,9.116767847309967,-0.020211810940972033
Balanced,500a,500,7,Social-influenced,2.510240298055875,8.607188207296893,1.57409613504889,0.9883644398958024,1.521875858160073,39.37329986540605,60.626700134593946,-18.07623700398814
Habitual,500a,500,8,Habit-driven,1.2880929689029583,8.778848606786122,0.940854264821418,0.978313952289653,0.3097790166133051,75.95057002157714,24.04942997842286,-21.73290647936971
Habitual,500a,500,8,Price-responsive,5.818639655610685,7.945496318039958,3.298775845754287,4.733314060588032,1.0853255950226532,81.34743412103005,18.65256587896995,-0.00022201590371174974
Habitual,500a,500,8,Social-influenced,2.719279078715994,8.75251105026904,1.1499164949816632,1.4767289022585635,1.2425501764574307,54.305897243759716,45.6941027562403,-1.9974806144551231
Progressive,500a,500,8,Habit-driven,1.4923229162177676,8.654233797289338,1.106290785588148,1.017945845307362,0.4743770709104058,68.21217005011923,31.78782994988078,-3.813628725527437
Progressive,500a,500,8,Price-responsive,6.042601216176045,7.911609445778659,3.182356401664116,5.499099151688271,0.5435020644877743,91.00549506671368,8.994504933286333,-0.024269566617246916
Progressive,500a,500,8,Social-influenced,2.6613676747325257,8.599536345869318,1.6311086320055816,1.1572299446747307,1.504137730057795,43.48252801225728,56.51747198774272,-2.481226503708872
Tipping,500a,500,8,Habit-driven,1.2994872941513587,8.777261266331154,0.9468123538840553,0.9828362068887931,0.31665108726256525,75.63261382487336,24.36738617512663,-4.251563474338503
Tipping,500a,500,8,Price-responsive,5.3965177567326075,7.932079035882403,3.403894329024475,4.595972672697205,0.8005450840354016,85.16552487876734,14.834475121232666,-0.006776814179914319
Tipping,500a,500,8,Social-influenced,2.0714918226261103,8.74583635769626,1.0841989830603094,1.039109827985293,1.0323819946408166,50.162391018660834,49.83760898133918,-13.145607257833255
Balanced,500a,500,8,Habit-driven,1.5169823504708122,8.676922382460253,1.128101359064278,1.0623153182438134,0.4546670322269988,70.02819234608182,29.97180765391818,-2.5492069352609996
Balanced,500a,500,8,Price-responsive,6.172831293925688,7.925638055720466,3.1836468496806294,5.563067062620888,0.6097642313047994,90.12180631107103,9.878193688928965,-0.025491580996347504
Balanced,500a,500,8,Social-influenced,2.5367667584100975,8.649874664835849,1.5693242984599451,1.0412589996884942,1.495507758721603,41.04669837053119,58.953301629468804,-12.39655559675947
Habitual,500a,500,9,Habit-driven,1.2824002407486503,8.749931041485327,0.9487170773173527,0.9922003440352114,0.29019989671343877,77.37056751143282,22.62943248856718,-9.043202159555337
Habitual,500a,500,9,Price-responsive,5.323398100962719,7.874176806043605,3.318597501185629,4.489136031042891,0.8342620699198275,84.32839223936767,15.671607760632334,0.0014748016847475314
Habitual,500a,500,9,Social-influenced,2.0151320948006077,8.769772171373706,0.9990117806236963,0.8607627259533959,1.1543693688472123,42.71495293903133,57.28504706096867,-1.6136232520816467
Progressive,500a,500,9,Habit-driven,1.4490388471396984,8.626750722199192,1.1351583351255037,0.9883930582111111,0.4606457889285876,68.21025262104807,31.789747378951926,-4.642995923676771
Progressive,500a,500,9,Price-responsive,5.940904604990628,7.926248001064479,3.1308380160432407,5.24712600747206,0.6937785975185693,88.32200407769948,11.677995922300516,-0.024552053826327764
Progressive,500a,500,9,Social-influenced,2.4195845960334355,8.544359080865604,1.597233745129735,0.8434813310124862,1.5761032650209492,34.860584432354784,65.13941556764522,-716.7964248947454
Tipping,500a,500,9,Habit-driven,1.244931801366463,8.763980940382156,0.9363263939735926,0.9574973628521711,0.2874344385142918,76.91163176980476,23.088368230195243,-9.484813958704924
Tipping,500a,500,9,Price-responsive,5.525733420580332,7.881133283155707,3.30978017030925,4.5944672267404885,0.9312661938398437,83.14674047844242,16.853259521557572,0.003282366056361805
Tipping,500a,500,9,Social-influenced,2.1974513859979186,8.738648995121054,1.091862991936442,1.1136418612820598,1.0838095247158586,50.67879400555325,49.32120599444676,-1070.1056748509513
Balanced,500a,500,9,Habit-driven,1.454839797236364,8.623041829337355,1.166252511184902,1.0008579039493875,0.45398189328697663,68.79505948700555,31.20494051299446,-3.6011134819932193
Balanced,500a,500,9,Price-responsive,5.676019117768432,7.901826796270742,3.2809599658171344,5.04956320047405,0.6264559172943803,88.96311121762614,11.036888782373873,-0.019818656275084532
Balanced,500a,500,9,Social-influenced,2.565616347074811,8.532440940499287,1.6345827736704306,1.0210380554146103,1.5445782916602,39.796988999495106,60.2030110005049,-1809.4630998317643
Habitual,500a,500,10,Habit-driven,1.2559862249849403,8.7992977065391,0.8904846602556195,0.978747691293962,0.27723853369097795,77.92662624987767,22.073373750122315,-161.87319482232593
Habitual,500a,500,10,Price-responsive,5.396733937528013,7.8662859963193,3.1643033463934063,4.631596532190414,0.7651374053375981,85.8222136908222,14.177786309177792,0.017981130298925486
Habitual,500a,500,10,Social-influenced,1.871868866998251,8.872014426665675,0.9802532863712906,0.9102676695585903,0.9616011974396607,48.62881613167194,51.37118386832805,-11325.282152650985
Progressive,500a,500,10,Habit-driven,1.43290811317159,8.661194152152401,1.1091374642910428,0.9779488118217472,0.45495930134984264,68.24923404594043,31.750765954059577,-235.98713319377785
Progressive,500a,500,10,Price-responsive,5.95188260552971,7.910176292303734,3.2954534460670275,5.368680506243056,0.5832020992866545,90.20138436963089,9.79861563036911,-0.015409792382351835
Progressive,500a,500,10,Social-influenced,2.5458834554109,8.603808907760369,1.657338340182381,0.9743583640328519,1.5715250913780476,38.27191547052152,61.72808452947848,-399.04326702571933
Tipping,500a,500,10,Habit-driven,1.2437147879234391,8.807582868033254,0.9109896413321256,0.9544099855498983,0.28930480237354084,76.73865381494926,23.26134618505074,-204.2757097121445
Tipping,500a,500,10,Price-responsive,5.234705354345741,7.95443694550503,3.4201661429483488,4.530646966956825,0.7040583873889155,86.55018115194542,13.449818848054576,0.010077823485957654
Tipping,500a,500,10,Social-influenced,1.9251587397466174,8.798429225592699,1.0414769426016195,0.9607004634459476,0.9644582763006698,49.90240251940947,50.09759748059053,-167.71777234372425
Balanced,500a,500,10,Habit-driven,1.45391520303988,8.665965067282706,1.0986046619459193,1.0180815672057448,0.4358336358341354,70.02344875939916,29.976551240600834,-283.16884749879
Balanced,500a,500,10,Price-responsive,5.903194333695125,7.977915023132825,3.1265688726346936,5.251468771137833,0.6517255625572915,88.95978133673704,11.040218663262975,-0.03008477660076095
Balanced,500a,500,10,Social-influenced,2.464130638187458,8.642251129994449,1.5727256502459328,0.967366566516209,1.496764071671249,39.2579253520331,60.7420746479669,-1134.787230306135
Habitual,500b,500,1,Habit-driven,1.294808192604698,8.803376113616855,0.9235709663549795,0.9685808847107684,0.3262273078939294,74.80497036107913,25.195029638920886,-6.873669059152918
Habitual,500b,500,1,Price-responsive,5.931605428535222,7.953302282864086,3.1659671745048343,4.708469721596086,1.2231357069391358,79.37934810945133,20.620651890548668,0.003242995930652348
Habitual,500b,500,1,Social-influenced,2.351865824009764,8.842935158889428,1.0794212013523192,1.2030221483154722,1.1488436756942915,51.15181895302195,48.84818104697805,-0.9541516545202048
Progressive,500b,500,1,Habit-driven,1.4388049722291438,8.69019233537136,1.0880121916230514,0.955128638305714,0.4836763339234294,66.38346799885821,33.6165320011418,-6.902071444192508
Progressive,500b,500,1,Price-responsive,5.823702698087857,7.933358789376879,3.146796957721826,5.226155170653298,0.5975475274345592,89.73938817943512,10.260611820564893,-0.02159002990929404
Progressive,500b,500,1,Social-influenced,2.7316799043763482,8.615507678043512,1.6147905286990345,1.1768829689319282,1.5547969354444202,43.082755305498154,56.91724469450183,-1.1229611891292621
Tipping,500b,500,1,Habit-driven,1.2439964978452065,8.810031875242014,0.899674661928932,0.9351118907131993,0.30888460713200705,75.16997775580214,24.830022244197856,-7.473181174373049
Tipping,500b,500,1,Price-responsive,6.2078331651548355,8.053737607304218,3.1390942105134996,4.830656718209406,1.3771764469454295,77.81550485802914,22.184495141970846,-0.021944145718793977
Tipping,500b,500,1,Social-influenced,2.0083724825844564,8.801709673193173,1.0031573399061673,0.9790580124483027,1.0293144701361536,48.748826272923765,51.251173727076235,-5057.105148868775
Balanced,500b,500,1,Habit-driven,1.3793049192481814,8.693895549649639,1.0476034116297201,0.952415821457388,0.4268890977907935,69.05041866859446,30.949581331405547,-7.763820765681666
Balanced,500b,500,1,Price-responsive,5.957977863273265,7.9869337849399695,3.2226540947610607,5.310952965758246,0.6470248975150168,89.14019299226555,10.859807007734446,-0.03255541151853527
Balanced,500b,500,1,Social-influenced,2.3886789761769696,8.664254764744749,1.4940472536499354,0.9062763393248152,1.4824026368521546,37.940482934851765,62.05951706514823,-3964.7410837956104
Habitual,500b,500,2,Habit-driven,1.1876951315416462,8.793629599312538,0.8837551901145465,0.902966820463412,0.28472831107823404,76.02681837142394,23.97318162857605,-21.732525651463067
Habitual,500b,500,2,Price-responsive,5.39797002183482,8.021921211458716,3.3094852259097616,4.539707441177887,0.8582625806569334,84.10027145046645,15.89972854953355,-0.03324426175543573
Habitual,500b,500,2,Social-influenced,2.046058918570418,8.803220660959115,1.0041167064903689,0.9723933861289001,1.0736655324415176,47.52518988105737,52.47481011894263,-1.1376884806637022
Progressive,500b,500,2,Habit-driven,1.4243574370601844,8.649593066256934,1.0975353785442248,0.9472004464061816,0.4771569906540026,66.50019312295409,33.49980687704592,-10.15879687861481
Progressive,500b,500,2,Price-responsive,5.8742255640868795,7.904870593813905,3.3143825309111774,5.3287391650131,0.5454863990737799,90.71390103899469,9.286098961005308,-0.01990166943870162
Progressive,500b,500,2,Social-influenced,2.4274843452635126,8.630452675248652,1.6144142453885488,0.7961487736467514,1.6313355716167615,32.7972773624757,67.20272263752432,-170.97636272007654
Tipping,500b,500,2,Habit-driven,1.218639468766283,8.790346279707453,0.8966821453606976,0.9089448210371586,0.30969464772912414,74.58685233273705,25.413147667262947,-10.946659103883476
Tipping,500b,500,2,Price-responsive,5.664956702273674,7.938691657534537,3.2819403145723087,4.650925869500581,1.0140308327730938,82.09993675033553,17.90006324966446,0.007531806856191965
Tipping,500b,500,2,Social-influenced,1.911515378455464,8.786926718706528,1.014387927163254,0.8931651047724487,1.018350273683015,46.72549929962588,53.27450070037412,-306.95309916589986
Balanced,500b,500,2,Habit-driven,1.4339688276309144,8.662536787524504,1.1107717085226225,0.9625130672469545,0.47145576038396,67.12231456503413,32.87768543496586,-11.070538261440495
Balanced,500b,500,2,Price-responsive,5.837278715367234,7.903815847807994,3.246629280933223,5.284161709565735,0.5531170058014996,90.52440301770476,9.475596982295231,-0.012135423497883888
Balanced,500b,500,2,Social-influenced,2.4755717665516492,8.593072350175392,1.60529548318256,0.9955854159667801,1.4799863505848703,40.216382712813925,59.78361728718609,-32.818344615474714
Habitual,500b,500,3,Habit-driven,1.2690987825707067,8.778880592258712,0.8891306772460924,0.9486988901628745,0.3203998924078323,74.75374676833074,25.246253231669257,-236.6897052760154
Habitual,500b,500,3,Price-responsive,5.6359327155597665,7.961805530358716,3.29201464718237,4.661123833341443,0.9748088822183236,82.70368133517533,17.296318664824668,0.006311550588421016
Habitual,500b,500,3,Social-influenced,1.9295075022271555,8.78525283975567,0.9423684075215445,0.8874219254506112,1.0420855767765442,45.99214693004793,54.00785306995206,-1.3329320096292205
Progressive,500b,500,3,Habit-driven,1.4750305497679403,8.676517392505064,1.133934839007377,0.9848757653414026,0.4901547844265377,66.76985541054377,33.23014458945623,-6.844946724343774
Progressive,500b,500,3,Price-responsive,5.8598030405552235,7.9386719947805995,3.253451073857535,5.277468521552821,0.5823345190024029,90.06221685315849,9.9377831468415,-0.028100290008788123
Progressive,500b,500,3,Social-influenced,2.716772939116019,8.563783693333773,1.6327703918494287,1.0576874963324467,1.6590854427835726,38.93175911405375,61.06824088594626,-1.3192466209045408
Tipping,500b,500,3,Habit-driven,1.2818303709041088,8.785033676018458,0.9210011619139346,0.9543960871369296,0.32743428376717915,74.45572431426858,25.54427568573142,-12.399202912694
Tipping,500b,500,3,Price-responsive,5.57607695853629,7.915367498904725,3.2970579940424436,4.622906602999891,0.9531703555363987,82.90607603474318,17.093923965256824,0.02207618717242575
Tipping,500b,500,3,Social-influenced,2.12636576639589,8.760489439271455,1.0468324284791732,1.055611831040367,1.0707539353555235,49.64394403459519,50.35605596540481,-705.437368395762
Balanced,500b,500,3,Habit-driven,1.4179877952621487,8.678662576475476,1.1155066707642285,0.9413242026791464,0.47666359258300245,66.38450668082938,33.61549331917062,-7.1820540603772205
Balanced,500b,500,3,Price-responsive,5.6285060775548175,7.942264218893531,3.251546012981786,4.99576129485236,0.6327447827024564,88.75821090030094,11.241789099699059,-0.02515221501360765
Balanced,500b,500,3,Social-influenced,2.410138836767178,8.61098230325906,1.5564905618745968,0.893774821335056,1.5163640154321216,37.083955816168434,62.916044183831566,-232.0164389620717
Habitual,500b,500,4,Habit-driven,1.2797899844202953,8.693888914196059,0.9270633356646801,0.9612987232228322,0.3184912611974629,75.11378702172532,24.886212978274674,-16.276729714112534
Habitual,500b,500,4,Price-responsive,5.641812395590941,7.879045718012722,3.31277783780953,4.657775938294242,0.9840364572966988,82.55814996497011,17.441850035029884,-0.0026335865549124184
Habitual,500b,500,4,Social-influenced,2.289668647962285,8.795589492258376,1.0600775514362333,1.2186392094122154,1.0710294385500698,53.22338716987526,46.77661283012473,-4.863044896172644
Progressive,500b,500,4,Habit-driven,1.5201927800594146,8.542901887552803,1.1711337607204348,0.9869505846523309,0.5332421954070836,64.92272543313601,35.077274566863984,-17.557323098744504
Progressive,500b,500,4,Price-responsive,5.647953512273377,7.862328081880305,3.190865557041357,5.163484689716276,0.4844688225571002,91.4222236159643,8.577776384035694,-0.025302858934437764
Progressive,500b,500,4,Social-influenced,2.833781348006279,8.555520355937254,1.718400224696549,1.1923230225058001,1.6414583255004793,42.075335958600505,57.924664041399495,-17.910729275830995
Tipping,500b,500,4,Habit-driven,1.2855347002089303,8.70614375132962,0.9387143865018513,0.9601829061125058,0.32535179409642445,74.6913254038536,25.308674596146414,-17.044236807889284
Tipping,500b,500,4,Price-responsive,5.3683616373890155,7.901620677260921,3.3123179728686267,4.53545476710724,0.8329068702817757,84.48489638848412,15.51510361151587,-0.0015916953523361765
Tipping,500b,500,4,Social-influenced,2.1075823639656575,8.70012795556604,1.0867665513838027,1.0418821204808146,1.0657002434848428,49.43494205941229,50.56505794058771,-10.150897101010644
Balanced,500b,500,4,Habit-driven,1.4685818956225518,8.584587807821274,1.1275762362710093,0.9785081445060928,0.49007375111645896,66.62945712614072,33.37054287385928,-15.260977330634923
Balanced,500b,500,4,Price-responsive,5.768121321387416,7.900471874568168,3.2454891216176223,5.22587975257709,0.542241568810325,90.59933835303072,9.400661646969292,-0.03323850132039314
Balanced,500b,500,4,Social-influenced,2.4582590551558368,8.548274037645985,1.566058774158283,0.9883454432390985,1.4699136119167382,40.20509722790156,59.79490277209843,-2.2418997155468383
Habitual,500b,500,5,Habit-driven,1.2380498812670133,8.799130683432342,0.9132337009675874,0.954847374231477,0.28320250703553607,77.12511334796073,22.874886652039276,-151.85617878399228
Habitual,500b,500,5,Price-responsive,5.251176232173741,7.992145357472843,3.2799880099481684,4.448201732889685,0.8029744992840565,84.70867356604288,15.291326433957114,-0.013854300767462396
Habitual,500b,500,5,Social-influenced,1.9005315956309596,8.840128253450532,0.9963644977693531,0.8273842729082355,1.0731473227227242,43.5343603237257,56.46563967627431,-2.1140379322594596
Progressive,500b,500,5,Habit-driven,1.4320423849132533,8.663245562533273,1.1174001786880914,0.9925798930669922,0.439462491846261,69.31218681262135,30.687813187378648,-3.9087180978474643
Progressive,500b,500,5,Price-responsive,5.831331482654974,7.905387413135971,3.338846220000504,5.3161408740345,0.5151906086204738,91.16512909353747,8.834870906462521,-0.014712974214791308
Progressive,500b,500,5,Social-influenced,2.5187609583426847,8.604155474344148,1.613084798511771,0.8852537613062723,1.6335071970364121,35.14639840569702,64.85360159430297,-75.90535063157421
Tipping,500b,500,5,Habit-driven,1.2440731992283187,8.797766750462717,0.9367181128523855,0.9671364206032909,0.2769367786250277,77.73951092292577,22.260489077074226,-182.63766849204728
Tipping,500b,500,5,Price-responsive,5.687171066975184,8.002608163082988,3.219478515423319,4.614543917129499,1.0726271498456839,81.13953075766756,18.860469242332435,0.008009629238198129
Tipping,500b,500,5,Social-influenced,1.877732099892169,8.845407982765149,1.017885796829292,0.8912577895197153,0.9864743103724535,47.46458717784592,52.53541282215408,10.946946872824904
Balanced,500b,500,5,Habit-driven,1.4026619039365626,8.687868721880175,1.0983430419709401,1.0005203372592624,0.4021415666773004,71.3301141530477,28.669885846952308,-4.337660224537487
Balanced,500b,500,5,Price-responsive,5.8334395798873,7.880291447563241,3.253186845573487,5.273273827672948,0.560165752214352,90.39733343350795,9.60266656649205,-0.010535436106934134
Balanced,500b,500,5,Social-influenced,2.3871450521786817,8.644586866831803,1.5636883827537462,0.9052492213564222,1.4818958308222596,37.921835563793074,62.078164436206926,-34.23428160644548
Habitual,500b,500,6,Habit-driven,1.2021223418249571,8.766961270361888,0.9132981681821595,0.9186227786804659,0.28349956314449154,76.41674617625797,23.583253823742034,-14.422260228699614
Habitual,500b,500,6,Price-responsive,5.248196429824204,7.897927025940148,3.406573722497941,4.529719108122457,0.7184773217017483,86.31001466296462,13.689985337035388,0.02783610221450052
Habitual,500b,500,6,Social-influenced,2.636696842167656,8.770494508432842,1.1139425113636046,1.4378938916178003,1.1988029505498559,54.533910331371,45.466089668629,-0.8654655963407678
Progressive,500b,500,6,Habit-driven,1.382583568163988,8.647268739745586,1.0813466957317404,0.9428094628202348,0.4397741053437534,68.19186084152913,31.808139158470876,-14.104656026393247
Progressive,500b,500,6,Price-responsive,5.926268530880331,7.927762980186332,3.2764655520717927,5.323664595379034,0.6026039355012959,89.83164646756597,10.168353532434022,-0.02810342661350682
Progressive,500b,500,6,Social-influenced,2.588282570793686,8.59210282106751,1.60287393984369,0.9356655458631209,1.6526170249305647,36.150053955515496,63.849946044484504,-0.7637393030383122
Tipping,500b,500,6,Habit-driven,1.2059388295333604,8.772866532659473,0.9009370080705026,0.9258103030468062,0.28012852648655445,76.770917427466,23.229082572534008,-14.031240258819555
Tipping,500b,500,6,Price-responsive,5.449675862054949,7.913641339833606,3.3062800946285416,4.562569868690416,0.8871059933645319,83.72185766971424,16.278142330285757,0.012800726825280235
Tipping,500b,500,6,Social-influenced,2.1372812986904943,8.772563147812296,1.0545380917243332,1.1170553258067943,1.0202259728836993,52.26524587527206,47.73475412472795,0.6789488446949248
Balanced,500b,500,6,Habit-driven,1.3664648257241043,8.663929922116054,1.0585703487111278,0.9446938960005111,0.42177092972359315,69.13415392890978,30.865846071090207,-15.416157585582456
Balanced,500b,500,6,Price-responsive,5.80331019565142,7.9519288780584,3.1087298415903994,5.176755260226272,0.6265549354251497,89.20349052003726,10.796509479962738,-0.028946126316187235
Balanced,500b,500,6,Social-influenced,2.5419653839529404,8.644541309219084,1.5486179442409143,1.0771530121104447,1.4648123718424966,42.37481040892041,57.62518959107958,-5.062373473924384
Habitual,500b,500,7,Habit-driven,1.2310017944854665,8.76034838552948,0.8877829022473118,0.924684139588112,0.3063176548973543,75.11639249678032,24.88360750321967,-19.044418040732563
Habitual,500b,500,7,Price-responsive,5.614287973326159,7.904735139483093,3.3059382368568233,4.6356854672261,0.9786025061000587,82.56942802454272,17.430571975457294,0.0165185859542926
Habitual,500b,500,7,Social-influenced,1.9980406178169816,8.777886986819025,0.9926644922108896,0.9761758791762729,1.0218647386407083,48.85665839180101,51.14334160819899,-1.2521806050686741
Progressive,500b,500,7,Habit-driven,1.494756996642613,8.650370864388554,1.1499093795646829,1.0007622934472586,0.49399470319535427,66.95150420403316,33.04849579596685,-6.223950621576599
Progressive,500b,500,7,Price-responsive,5.701476544742813,7.916444653363105,3.171458559141386,5.174517356967186,0.5269591877756254,90.75749617418805,9.242503825811951,-0.01823808934278737
Progressive,500b,500,7,Social-influenced,2.6402247876777896,8.599442598057951,1.61195713063766,0.9383201557549538,1.701904631922836,35.53940407400892,64.46059592599109,-1.3211059127185243
Tipping,500b,500,7,Habit-driven,1.2030721097936021,8.772421129291166,0.8811782493843416,0.902178172941248,0.300893936852354,74.98953434271075,25.01046565728925,-16.002207194508358
Tipping,500b,500,7,Price-responsive,5.160558471557194,7.945290604717394,3.4134396605952846,4.468914237132173,0.6916442344250209,86.59749253424664,13.402507465753368,0.017467897889514014
Tipping,500b,500,7,Social-influenced,2.140899326039817,8.744808488044624,1.0265814253377892,1.083397348534487,1.0575019775053303,50.60477787802048,49.395222121979515,-19.324593922043874
Balanced,500b,500,7,Habit-driven,1.5048667305913668,8.661745854125817,1.1076008371423138,1.0270567237065424,0.47781000688482445,68.24901520036532,31.750984799634697,-6.730305536076361
Balanced,500b,500,7,Price-responsive,5.836615890666611,7.925321280035013,3.0684690693927155,5.34014549208267,0.49647039858393976,91.49386548842712,8.506134511572887,-0.025590634132133756
Balanced,500b,500,7,Social-influenced,2.4984324837336667,8.624025406850745,1.5261801730070528,0.9998076257193688,1.498624858014299,40.017396196564505,59.982603803435495,-18.08261552271545
Habitual,500b,500,8,Habit-driven,1.2959571367991503,8.777776037770824,0.9437803193984845,0.9832471183514649,0.3127100184476856,75.87034250067563,24.12965749932437,-21.734227071210007
Habitual,500b,500,8,Price-responsive,5.88553579864881,7.961259690292629,3.309626873868049,4.774208445773081,1.1113273528757293,81.11765197094094,18.882348029059067,-0.005217312879284488
Habitual,500b,500,8,Social-influenced,2.677909232638769,8.717886472981167,1.1327813683692214,1.4686152560603403,1.2092939765784285,54.841860887614565,45.158139112385435,-2.0962179934211473
Progressive,500b,500,8,Habit-driven,1.5119943994230587,8.645012189310131,1.119193229695591,1.0307327674136135,0.4812616320094453,68.17040908398316,31.82959091601684,-3.76883232553704
Progressive,500b,500,8,Price-responsive,6.102410237286498,7.904892281590437,3.190544081583822,5.551172118119814,0.5512381191666836,90.96687869657552,9.033121303424492,-0.02208026993765892
Progressive,500b,500,8,Social-influenced,2.7339357113318115,8.572346844587791,1.628872045129787,1.1790304422720246,1.5549052690597862,43.125755934387755,56.87424406561223,-2.4751899108510247
Tipping,500b,500,8,Habit-driven,1.304291837655212,8.77787055774096,0.9466870733422448,0.9868235825058403,0.31746825514937166,75.65972231183325,24.34027768816675,-4.2359029577753144
Tipping,500b,500,8,Price-responsive,5.445450085883178,7.925920192667442,3.4099826725345683,4.620889741174969,0.8245603447082078,84.85781098525163,15.142189014748364,-0.00415530137187067
Tipping,500b,500,8,Social-influenced,2.0810088161595592,8.744026662836971,1.0675269052900815,1.044955428053704,1.0360533881058556,50.21388760774875,49.786112392251255,-13.131909583182102
Balanced,500b,500,8,Habit-driven,1.4946351879853952,8.662208719572064,1.1363759337681392,1.0441453256458317,0.45048986233956345,69.85954392343898,30.140456076561033,-2.5585644989008887
Balanced,500b,500,8,Price-responsive,5.928259013364877,7.908532118435869,3.310090600434348,5.336938936621914,0.591320076742963,90.02540078950886,9.974599210491144,-0.02025526130644658
Balanced,500b,500,8,Social-influenced,2.490122662153658,8.62557459834264,1.5888912877271009,1.020882099600835,1.4692405625528224,40.997261505097676,59.00273849490232,-12.40559791325098
Habitual,500b,500,9,Habit-driven,1.2780059099945713,8.739711094935654,0.9508127398432193,0.9884772162191106,0.28952869377546075,77.3452773957289,22.6547226042711,-8.524020168602327
Habitual,500b,500,9,Price-responsive,5.377333239372677,7.8731531341198755,3.291221376709732,4.499680858570331,0.8776523808023461,83.67866855681918,16.32133144318081,0.0018519102825383543
Habitual,500b,500,9,Social-influenced,2.033846039306653,8.73949829786727,0.9953690214907742,0.853503678259837,1.180342361046816,41.965009236923365,58.034990763076635,-1.5765424424545762
Progressive,500b,500,9,Habit-driven,1.4595619246948723,8.629272006831286,1.1382898594823665,1.0004271790434889,0.45913474565138357,68.54297595168032,31.457024048319678,-4.71348909891731
Progressive,500b,500,9,Price-responsive,6.046708594134699,7.919341936432969,3.251268293142247,5.360091540997197,0.686617053137504,88.6447801734067,11.355219826593292,-0.02591370046810719
Progressive,500b,500,9,Social-influenced,2.5120834556446954,8.556008622091102,1.5773718168804636,0.8665375179672528,1.6455459376774433,34.494774288653815,65.5052257113462,-716.778805436321
Tipping,500b,500,9,Habit-driven,1.2248170441276534,8.757438152186772,0.9225786617765246,0.9446792846402083,0.2801377594874452,77.12819552678852,22.871804473211473,-9.580133985294763
Tipping,500b,500,9,Price-responsive,5.456578203166089,7.894867798491954,3.2381863595643545,4.519642610647814,0.9369355925182749,82.82924650516998,17.17075349483003,0.006661872618118277
Tipping,500b,500,9,Social-influenced,2.1961123172480117,8.732040559131637,1.0626436847140297,1.104521352023706,1.0915909652243057,50.294392656920294,49.70560734307971,-1070.1102437067416
Balanced,500b,500,9,Habit-driven,1.4661910488510508,8.643629373850057,1.1327523610161383,1.0149161870374706,0.4512748618135802,69.22127834791979,30.778721652080204,-3.674793587619877
Balanced,500b,500,9,Price-responsive,5.861246538082277,7.918025928232312,3.1764002376402423,5.246187262256946,0.6150592758253317,89.50634013039534,10.493659869604647,-0.027235379327556257
Balanced,500b,500,9,Social-influenced,2.591045092474638,8.564950849895919,1.5709302036320223,1.0435787811210964,1.5474663113535416,40.27636509113788,59.723634908862124,-1809.474551773461
Habitual,500b,500,10,Habit-driven,1.2590142445303087,8.808301414378722,0.9239610712660424,0.9694862134114722,0.28952803111883624,77.00359369429944,22.996406305700567,-161.7897704935505
Habitual,500b,500,10,Price-responsive,5.27326699591299,7.861377688915654,3.3508559202371155,4.48144827557613,0.7918187203368603,84.98428543537518,15.015714564624814,0.022205629627720373
Habitual,500b,500,10,Social-influenced,1.889950951855499,8.846255136229301,1.0279816457220448,0.9082422272939352,0.9817087245615634,48.05639143186492,51.94360856813509,-11325.272400381948
Progressive,500b,500,10,Habit-driven,1.440681267800339,8.66845592869767,1.1070012803865203,0.9779404354691942,0.4627408323311446,67.88041583703891,32.11958416296108,-235.88570588103656
Progressive,500b,500,10,Price-responsive,5.932905769672333,7.9034755249350805,3.250658916832659,5.336616662755714,0.5962891069166192,89.94945933635566,10.050540663644343,-0.014926967214371806
Progressive,500b,500,10,Social-influenced,2.5561756086688265,8.609694336289271,1.6288902423830616,0.9827920497186485,1.573383558950178,38.447751648426646,61.552248351573354,-399.06181340754324
Tipping,500b,500,10,Habit-driven,1.2476193201482342,8.810695531294563,0.9155941735737575,0.9555693594025654,0.29204996074566886,76.59142047343663,23.408579526563386,-204.205347931072
Tipping,500b,500,10,Price-responsive,5.265446413786436,7.959144661649134,3.422495622798146,4.549591553393767,0.7158548603926697,86.40466915552767,13.595330844472334,0.00933864079340726
Tipping,500b,500,10,Social-influenced,1.9527938064785286,8.830921016766261,1.052778552254888,0.964276965046813,0.9885168414317157,49.37935392091871,50.6206460790813,-167.7356027847333
Balanced,500b,500,10,Habit-driven,1.448641130084201,8.685844673952959,1.09675886081824,1.01613240636107,0.432508723723131,70.14383239981652,29.856167600183475,-283.04595469364847
Balanced,500b,500,10,Price-responsive,5.902307667865966,7.980966380885438,3.103473215878479,5.239080256605379,0.6632274112605868,88.7632524669731,11.236747533026906,-0.027728888982405345
Balanced,500b,500,10,Social-influenced,2.4386057808977735,8.650192448563397,1.5738552753312105,0.9639593760484183,1.4746464048493553,39.52911879399943,60.47088120600057,-1134.7928008754352
Habitual,500c,500,1,Habit-driven,1.2954617940142963,8.805267804704856,0.9203999628240693,0.9688714315988816,0.3265903624154147,74.789656945158,25.210343054842,-7.029395165985817
Habitual,500c,500,1,Price-responsive,5.913550618754798,7.9506530191611215,3.162889595206691,4.697821213222085,1.2157294055327141,79.4416335648327,20.55836643516729,0.005649579504851435
Habitual,500c,500,1,Social-influenced,2.372113992920855,8.828070912941957,1.0211330352508177,1.223896620138186,1.148217372782669,51.59518572002374,48.40481427997626,-0.9840041094168391
Progressive,500c,500,1,Habit-driven,1.4396134006019738,8.69019146778536,1.0552400506916229,0.9664820007790191,0.4731313998229546,67.13482941843172,32.86517058156828,-6.869245630066201
Progressive,500c,500,1,Price-responsive,5.992374013302306,7.935950930879947,3.023628096722126,5.396216494996903,0.5961575183054035,90.05139670885012,9.948603291149883,-0.0251684672561521
Progressive,500c,500,1,Social-influenced,2.687496672847482,8.611053416525376,1.591030447557735,1.1751038319773992,1.512392840870083,43.72484787980564,56.27515212019437,-1.1254024741560043
Tipping,500c,500,1,Habit-driven,1.2486173544926407,8.806187299666924,0.8962249339968763,0.9385766848861863,0.31004066960645416,75.16928076556847,24.830719234431527,-7.305212768398745
Tipping,500c,500,1,Price-responsive,6.261416024376531,8.060728464218437,3.129477963112714,4.8525352761749945,1.4088807482015353,77.49900752934202,22.500992470657984,-0.02353387171534801
Tipping,500c,500,1,Social-influenced,2.0348020087808756,8.799961250282637,1.0087899417599127,0.9814181883271788,1.0533838204536972,48.23163060052128,51.76836939947871,-5057.094259500768
Balanced,500c,500,1,Habit-driven,1.374833576241083,8.710737752657456,1.0401208779753814,0.9499640833149438,0.4248694929261392,69.09666011447217,30.903339885527824,-7.461737414659847
Balanced,500c,500,1,Price-responsive,5.903205411147318,7.987451139120283,3.178248984865119,5.258164087745328,0.6450413234019898,89.0730327258488,10.926967274151194,-0.03272654098517225
Balanced,500c,500,1,Social-influenced,2.4537656983212868,8.659225392571994,1.4809889743371007,0.9082867062811987,1.5454789920400878,37.016032415099446,62.983967584900554,-3964.7237779893344
Habitual,500c,500,2,Habit-driven,1.1898523083261783,8.80604145807224,0.8840145072607217,0.9024376721285663,0.2874146361976119,75.84451160985421,24.15548839014581,-21.78692863558069
Habitual,500c,500,2,Price-responsive,5.400914143467289,8.026167664575892,3.30850509064086,4.5407013188988286,0.8602128245684608,84.07282912265997,15.927170877340027,-0.033339111927613005
Habitual,500c,500,2,Social-influenced,2.0043385600550367,8.81538179208672,0.9677820395940934,0.9785258054235939,1.0258127546314426,48.820385184662854,51.17961481533714,-1.1961990699949052
Progressive,500c,500,2,Habit-driven,1.4281620173889116,8.652442398977874,1.1040484827662127,0.9454498863999231,0.4827121309889884,66.20046429525382,33.79953570474617,-10.122522051929748
Progressive,500c,500,2,Price-responsive,5.912030840918685,7.9068942375455045,3.314237308269043,5.341483997902309,0.5705468430163754,90.34939332407616,9.650606675923848,-0.020658849579466804
Progressive,500c,500,2,Social-influenced,2.3853854486105153,8.615324575625992,1.5595461391981917,0.7973203358769421,1.588065112733573,33.425220076754485,66.5747799232455,-170.9783541579687
Tipping,500c,500,2,Habit-driven,1.2075164982295516,8.79254080383069,0.8936306778568094,0.902504493357335,0.3050120048722165,74.74055175896794,25.25944824103207,-10.91497593313148
Tipping,500c,500,2,Price-responsive,5.668615062924698,7.931004833108449,3.267235549880815,4.639963055729337,1.0286520071953615,81.85355689570085,18.14644310429914,0.013352065636833837
Tipping,500c,500,2,Social-influenced,1.9012900566693793,8.78314431507857,0.9879592518362261,0.8906954438018275,1.0105946128675516,46.846899592065405,53.153100407934595,-306.99562529523513
Balanced,500c,500,2,Habit-driven,1.446356740795171,8.664998732701683,1.081404051710966,0.9754406654163231,0.47091607537884783,67.44122234187189,32.55877765812809,-11.06481916637313
Balanced,500c,500,2,Price-responsive,6.023173099966822,7.897811805305999,3.114170225841724,5.4760721100843375,0.5471009898824868,90.91673141710802,9.083268582891968,-0.01730715881912755
Balanced,500c,500,2,Social-influenced,2.439549666479538,8.590775548482405,1.524207589254295,1.010606634175353,1.4289430323041845,41.42595037360883,58.574049626391165,-32.81744346990896
Habitual,500c,500,3,Habit-driven,1.2684148389457974,8.772421961264525,0.8950894691216816,0.9472572786850525,0.32115756026074527,74.68040026024411,25.319599739755887,-236.7463012233024
Habitual,500c,500,3,Price-responsive,5.649595011824413,7.972154932765219,3.2919250927358545,4.667954923915231,0.9816400879091828,82.62459369468709,17.375406305312907,0.005154359398380853
Habitual,500c,500,3,Social-influenced,1.9583465624760186,8.783526708042823,0.9432566951829354,0.8833689912994674,1.074977571176551,45.10789909333452,54.8921009066655,-1.3919507762249148
Progressive,500c,500,3,Habit-driven,1.4764595370954838,8.664234856649282,1.1349645415735556,0.9832920899930141,0.4931674471024698,66.5979707054731,33.402029294526905,-6.795552909702881
Progressive,500c,500,3,Price-responsive,5.850699336220964,7.94215940572771,3.2279734709124415,5.258846734363345,0.5918526018576179,89.88407081195352,10.115929188046477,-0.028092265541591825
Progressive,500c,500,3,Social-influenced,2.7334387462504175,8.59190959745071,1.599842310562927,1.0666777699220347,1.6667609763283833,39.02329149995569,60.97670850004431,-1.3196112138223868
Tipping,500c,500,3,Habit-driven,1.2825771784232451,8.792305456105725,0.9212234097194617,0.9550309151408916,0.32754626328235337,74.4618671848639,25.5381328151361,-12.41071095412677
Tipping,500c,500,3,Price-responsive,5.611613086689196,7.938249676297642,3.291917181515447,4.637304497823911,0.9743085888652852,82.63763780905788,17.36236219094212,0.017648301268255603
Tipping,500c,500,3,Social-influenced,2.095492642638324,8.758077349593492,1.0590961565595896,1.0486697872651987,1.0468228553731256,50.04406915716363,49.95593084283637,-705.4585050796928
Balanced,500c,500,3,Habit-driven,1.4160065050162431,8.689352277316452,1.0857747566562856,0.9535227134749684,0.4624837915412747,67.33886532986165,32.66113467013837,-7.158722866822183
Balanced,500c,500,3,Price-responsive,5.816423648773908,7.986172448097666,3.1636657856537265,5.1961895501506055,0.6202340986233033,89.3365040774833,10.663495922516708,-0.033879743325301706
Balanced,500c,500,3,Social-influenced,2.3905580562569133,8.61689966614029,1.5135328304701205,0.9049744955374903,1.4855835607194225,37.8562023695204,62.143797630479604,-232.02019472925465
Habitual,500c,500,4,Habit-driven,1.2897011822325117,8.69385155897893,0.9259886011059317,0.9568415252738782,0.33285965695863323,74.19094736484281,25.809052635157176,-15.91529887422864
Habitual,500c,500,4,Price-responsive,5.617314923946659,7.876431299592301,3.2839266845812336,4.627207101821045,0.9901078221256142,82.37400189359553,17.625998106404477,-0.0020614102458188046
Habitual,500c,500,4,Social-influenced,2.2299240217492633,8.799721613692274,1.04699583935354,1.2022983883663776,1.0276256333828855,53.916562925011,46.083437074988986,-4.867960391563335
Progressive,500c,500,4,Habit-driven,1.5136611464507932,8.548966555521144,1.158068067492194,0.9841950662412107,0.5294660802095825,65.02083168012435,34.97916831987566,-17.591675531188258
Progressive,500c,500,4,Price-responsive,5.658579284289699,7.86095255351343,3.2504668585846086,5.180472953917922,0.47810633037177697,91.55077084986375,8.44922915013626,-0.026602943773139043
Progressive,500c,500,4,Social-influenced,2.777908451474629,8.543980894671748,1.6523653945699512,1.1945261422112248,1.5833823092634045,43.00091824758014,56.999081752419855,-17.931377456480654
Tipping,500c,500,4,Habit-driven,1.2844532502289079,8.69378128840967,0.9355903994933005,0.9565487609315431,0.3279044892973648,74.47127879205199,25.528721207948017,-16.87614874598449
Tipping,500c,500,4,Price-responsive,5.333153355016733,7.900199137370529,3.2987069090643333,4.508106337434219,0.8250470175825151,84.52984636553873,15.470153634461283,0.000977342173724486
Tipping,500c,500,4,Social-influenced,2.0896091028798773,8.689669268917473,1.0551263337820118,1.0360935910066313,1.0535155118732462,49.5831296666299,50.41687033337011,-10.15727600944788
Balanced,500c,500,4,Habit-driven,1.4726659394756407,8.579813385265307,1.122906058475827,0.978069749998964,0.4945961894766767,66.41490943609497,33.58509056390503,-15.300595076050907
Balanced,500c,500,4,Price-responsive,5.762481921935112,7.917922246614657,3.2381842388332656,5.215906606117424,0.5465753158176881,90.51493222499964,9.48506777500035,-0.036854284762017096
Balanced,500c,500,4,Social-influenced,2.4754558338538337,8.559645503955382,1.548347766479464,0.9886502654194804,1.4868055684343535,39.93810965636708,60.0618903436329,-2.2510296192539174
Habitual,500c,500,5,Habit-driven,1.2321531063418285,8.79430493920452,0.9218563405797245,0.951389970511716,0.2807631358301126,77.2136161987468,22.786383801253205,-151.8922238324956
Habitual,500c,500,5,Price-responsive,5.236796661425039,8.000508514729933,3.277137478290355,4.439464807591969,0.797331853833069,84.77443549209531,15.225564507904704,-0.016669249764383595
Habitual,500c,500,5,Social-influenced,1.9324660259153428,8.88874373404956,0.9605682959333154,0.838618933339865,1.0938470925754773,43.396309280140656,56.603690719859344,-2.1370003120783245
Progressive,500c,500,5,Habit-driven,1.4262635517894957,8.658692011004323,1.117744780073461,0.9913323552412824,0.4349311965482133,69.50555204173054,30.494447958269454,-3.891170512041008
Progressive,500c,500,5,Price-responsive,5.827920921900662,7.915040144379169,3.329864272841227,5.3085507183553196,0.5193702035453425,91.08824209344351,8.911757906556495,-0.016206550381716724
Progressive,500c,500,5,Social-influenced,2.4827804529262902,8.61518079906389,1.6047797461389937,0.8820380318155715,1.6007424211107186,35.526219435793095,64.4737805642069,-75.91877370339546
Tipping,500c,500,5,Habit-driven,1.243028824965592,8.799702992557943,0.9470611419097299,0.9701478738557109,0.2728809511098813,78.04709387029422,21.95290612970579,-182.68586656667128
Tipping,500c,500,5,Price-responsive,5.705402073047663,7.987119989099342,3.220215807466787,4.63238207919513,1.073019993852534,81.19291190849663,18.807088091503378,0.010281050254454147
Tipping,500c,500,5,Social-influenced,1.894739256882124,8.855018216826315,1.0343429457852928,0.8962476188396649,0.998491638042459,47.30189737634293,52.69810262365707,10.93350110218193
Balanced,500c,500,5,Habit-driven,1.4024701642621649,8.697562398317052,1.103130153339235,1.0002533831189466,0.40221678114321835,71.3208315305001,28.67916846949991,-4.406221053502983
Balanced,500c,500,5,Price-responsive,5.841308782880603,7.889692248597801,3.2442084551740105,5.283003233438388,0.558305549442216,90.4421154540149,9.557884545985107,-0.010339160548735916
Balanced,500c,500,5,Social-influenced,2.378572205811027,8.649267332623657,1.5453476590439335,0.912410595834808,1.466161609976219,38.3595920950275,61.64040790497249,-34.242416880007305
Habitual,500c,500,6,Habit-driven,1.2051782674490907,8.768255538356296,0.9173958008361256,0.9202324323077046,0.2849458351413862,76.356540535326,23.643459464674002,-14.654739253364896
Habitual,500c,500,6,Price-responsive,5.259010949997219,7.883951349533162,3.4179419397346202,4.543611629247166,0.7153993207500519,86.39669459614967,13.603305403850324,0.029717194051718562
Habitual,500c,500,6,Social-influenced,2.558872253726479,8.816359845533691,1.0618452171982138,1.4501356216921273,1.1087366320343517,56.670887715488675,43.329112284511325,-0.9399330401279095
Progressive,500c,500,6,Habit-driven,1.3799417563033631,8.641043584430514,1.0846836681644125,0.9378993520272458,0.4420424042761174,67.96658973054949,32.03341026945052,-14.249537684458556
Progressive,500c,500,6,Price-responsive,5.875908846036327,7.931903343548823,3.221361860320576,5.276048914458007,0.59985993157832,89.79119745904562,10.208802540954384,-0.029642657297967622
Progressive,500c,500,6,Social-influenced,2.5690159687497722,8.618265075145986,1.5800717453131923,0.9352147290552396,1.6338012396945323,36.40361681015038,63.596383189849625,-0.8076660960515389
Tipping,500c,500,6,Habit-driven,1.208973049026774,8.771491873772584,0.9144045488806044,0.9264752827167789,0.2824977663099953,76.63324533682479,23.36675466317521,-14.217978166573861
Tipping,500c,500,6,Price-responsive,5.442006437485162,7.910234376289214,3.303574493732587,4.557483305688736,0.8845231317964256,83.74637843675212,16.253621563247872,0.012591215229013384
Tipping,500c,500,6,Social-influenced,2.163973715956624,8.75535128417863,1.0640155294640687,1.1233764348396929,1.0405972811169315,51.912665415304446,48.08733458469557,0.7177424477966701
Balanced,500c,500,6,Habit-driven,1.3589142837222234,8.673435236061355,1.058291360948523,0.939849994610566,0.4190642891116574,69.16183057817364,30.838169421826358,-15.52140263853438
Balanced,500c,500,6,Price-responsive,5.772098918126349,7.945928922799042,3.098953805321779,5.153879967957547,0.6182189501688036,89.28952952924305,10.71047047075694,-0.027707698118811703
Balanced,500c,500,6,Social-influenced,2.492075688179978,8.647148838285641,1.5283765799354858,1.073702369358462,1.4183733188215155,43.08466129062927,56.91533870937071,-5.081835770456159
Habitual,500c,500,7,Habit-driven,1.234980839890526,8.765586375368766,0.889111632415344,0.9255993975049943,0.30938144238553195,74.9484824061759,25.051517593824112,-18.975749096464586
Habitual,500c,500,7,Price-responsive,5.651968102534309,7.894590395542531,3.3127917755921867,4.657380283556395,0.9945878189779153,82.40280551951545,17.597194480484553,0.018398187903394637
Habitual,500c,500,7,Social-influenced,1.9640387271952775,8.779807191331411,0.9747721077496379,0.9791531610358893,0.9848855661593885,49.85406588362733,50.14593411637268,-1.2894656991835718
Progressive,500c,500,7,Habit-driven,1.5029175624279303,8.641282570456637,1.154020173424162,1.0052284394173883,0.4976891230105422,66.8851349233995,33.114865076600495,-6.275761236832086
Progressive,500c,500,7,Price-responsive,5.766965826547963,7.909381248022199,3.247816022477458,5.24067897539635,0.5262868511516146,90.87411184701534,9.125888152984658,-0.019342312661259575
Progressive,500c,500,7,Social-influenced,2.6129363805732773,8.61667258400419,1.5941909824588085,0.9372620312885871,1.67567434928469,35.870067034810546,64.12993296518944,-1.3424620902517161
Tipping,500c,500,7,Habit-driven,1.2023346822995158,8.765997395832665,0.8815961172625412,0.8990108581431303,0.3033238241563853,74.77209726860198,25.22790273139803,-15.913160050648372
Tipping,500c,500,7,Price-responsive,5.16018127215289,7.954421082572441,3.391304575019899,4.456552427459701,0.703628844693189,86.3642611066718,13.63573889332819,0.019466195356638658
Tipping,500c,500,7,Social-influenced,2.126967375389926,8.7578190320893,1.0322596892773488,1.0774937113180545,1.0494736640718716,50.658685402756745,49.341314597243276,-19.36351176379109
Balanced,500c,500,7,Habit-driven,1.5043050964199742,8.654255845650882,1.118022231448832,1.0267798458357238,0.4775252505842503,68.25609035556081,31.743909644439185,-6.841123327500494
Balanced,500c,500,7,Price-responsive,5.917258553067036,7.927982176098145,3.16468374283982,5.432763388574995,0.484495164492041,91.81216841976733,8.187831580232661,-0.023502309274321537
Balanced,500c,500,7,Social-influenced,2.460827361042572,8.625599275193753,1.5425175378222997,1.0016922134047512,1.4591351476378207,40.70550536224398,59.29449463775601,-18.0862424192822
Habitual,500c,500,8,Habit-driven,1.297052713267821,8.7734126462835,0.9424567050847958,0.9827552039157983,0.31429750935202266,75.76833183902178,24.231668160978217,-21.72359353835042
Habitual,500c,500,8,Price-responsive,5.921722613783844,7.941162796244586,3.2910394870687334,4.783375313387295,1.1383473003965485,80.7767540859336,19.223245914066396,-0.0001274188353654204
Habitual,500c,500,8,Social-influenced,2.7030820634961468,8.722930416993021,1.1485181108579376,1.4739240521819807,1.2291580113141662,54.527536255248485,45.4724637447515,-2.0057793883459865
Progressive,500c,500,8,Habit-driven,1.5006150197807184,8.651408602892104,1.1100285867348618,1.025208826875467,0.47540619290525093,68.31924333432828,31.680756665671726,-3.8125460985034167
Progressive,500c,500,8,Price-responsive,6.079484024028287,7.908153059309141,3.1684401233439172,5.524808549618739,0.5546754744095475,90.8762738380877,9.1237261619123,-0.022068908462891605
Progressive,500c,500,8,Social-influenced,2.708779488929052,8.605620828044554,1.6041640759307205,1.1742294584086403,1.534550030520413,43.349023543916644,56.65097645608335,-2.4780084972782856
Tipping,500c,500,8,Habit-driven,1.2985781860454124,8.782292018308693,0.9421410393069193,0.9836540407838171,0.31492414526159546,75.74854185556276,24.25145814443723,-4.317687832635876
Tipping,500c,500,8,Price-responsive,5.400496374969001,7.927601348693843,3.4037301116206033,4.597210206517801,0.8032861684512014,85.12569747895049,14.874302521049504,-0.007537027535400841
Tipping,500c,500,8,Social-influenced,2.076661586990401,8.739178552458462,1.0733875555403827,1.037753326345501,1.0389082606449005,49.97219252509328,50.0278074749067,-13.161968959038946
Balanced,500c,500,8,Habit-driven,1.5004920937434598,8.678761084495576,1.10935894516935,1.0472914337479946,0.4532006599954655,69.79653129229021,30.203468707709796,-2.5814870171431674
Balanced,500c,500,8,Price-responsive,6.053314397881169,7.919607319664404,3.0902069136944754,5.443093514761746,0.6102208831194227,89.91922700507646,10.080772994923528,-0.025125194303608937
Balanced,500c,500,8,Social-influenced,2.5120476265329983,8.623169945606286,1.5365437476831443,1.0252184575715337,1.4868291689614648,40.81206290608783,59.187937093912154,-12.395959128660701
Habitual,500c,500,9,Habit-driven,1.2832172299326172,8.744443671303191,0.9577018949344519,0.991757894462585,0.29145933547003233,77.28682808558165,22.713171914418346,-8.606302765136672
Habitual,500c,500,9,Price-responsive,5.401696553030251,7.8619947126746546,3.3073227503965956,4.523724442222733,0.8779721108075182,83.74636371761771,16.253636282382285,0.003113406540827312
Habitual,500c,500,9,Social-influenced,1.9645408879333912,8.742714246947621,0.9784752406193422,0.85223908560379,1.1123018023296012,43.38108159715155,56.61891840284845,-1.6151997259741286
Progressive,500c,500,9,Habit-driven,1.4670111887414685,8.628344575683705,1.142042746217428,0.9952543880382213,0.47175680070324716,67.84231747353189,32.1576825264681,-4.633838078468006
Progressive,500c,500,9,Price-responsive,5.981861554173803,7.929998453743586,3.14868046862252,5.28736089543134,0.6945006587424626,88.38989079815998,11.610109201840011,-0.029826640852460617
Progressive,500c,500,9,Social-influenced,2.50035641894787,8.551013478852978,1.5603346269325966,0.8696904730294471,1.6306659459184234,34.78266004153943,65.21733995846057,-716.8020314013646
Tipping,500c,500,9,Habit-driven,1.235506970254903,8.762351503965123,0.932725705800849,0.9484858772686418,0.2870210929862612,76.76896206202343,23.231037937976552,-11.29505382159709
Tipping,500c,500,9,Price-responsive,5.505790549687325,7.893916272034372,3.261975412511111,4.557743934383834,0.9480466153034925,82.78091753131925,17.219082468680764,0.002396115928233841
Tipping,500c,500,9,Social-influenced,2.2109745012384443,8.737068836970748,1.074647152641313,1.1088634870898577,1.1021110141485868,50.15270354627537,49.84729645372462,-1070.1164593634076
Balanced,500c,500,9,Habit-driven,1.4569485658332086,8.641890714793787,1.1631559441524528,1.0007557389974178,0.45619282683579104,68.68847414837182,31.31152585162817,-3.5993132835889674
Balanced,500c,500,9,Price-responsive,5.688307005607,7.905010417606774,3.307082572970505,5.063239567433472,0.6250674381735268,89.01136247468018,10.988637525319819,-0.02046804386128916
Balanced,500c,500,9,Social-influenced,2.544027509501195,8.569149128957505,1.596664763295333,1.024417230513202,1.5196102789879926,40.26753746519268,59.732462534807304,-1809.4919168514427
Habitual,500c,500,10,Habit-driven,1.2536361295470477,8.799186960020142,0.919230733948535,0.9674048163360561,0.28623131321099143,77.16791128902692,22.832088710973093,-161.77761333426042
Habitual,500c,500,10,Price-responsive,5.2663842298412415,7.85601652156779,3.3402948408795647,4.471515248166596,0.7948689816746457,84.9067415709885,15.093258429011502,0.024894779786138906
Habitual,500c,500,10,Social-influenced,1.856714652000675,8.818558134754843,0.9654955481430454,0.9152105068538393,0.9415041451468356,49.29193109278628,50.70806890721371,-11325.340399758657
Progressive,500c,500,10,Habit-driven,1.4445257154121038,8.659226236564855,1.1080327861068426,0.9818891408839306,0.46263657452817314,67.9731160482533,32.02688395174669,-235.8003774017671
Progressive,500c,500,10,Price-responsive,5.95657382515503,7.905835012960388,3.2845952708588624,5.370794590154279,0.5857792350007505,90.16583606288965,9.83416393711035,-0.014796510710700976
Progressive,500c,500,10,Social-influenced,2.5092781198776684,8.591707800979888,1.6224987297285605,0.9765044225745827,1.5327736973030852,38.91575090218334,61.08424909781666,-399.05078575513346
Tipping,500c,500,10,Habit-driven,1.2481420242975343,8.806285775601816,0.9089074966587745,0.9530862570659798,0.2950557672315545,76.3604011812987,23.63959881870131,-204.1141962194632
Tipping,500c,500,10,Price-responsive,5.225396462192465,7.975950637051261,3.405518363478079,4.515935278539458,0.7094611836530078,86.42282573607186,13.577174263928157,0.008474886298413026
Tipping,500c,500,10,Social-influenced,1.939849379208425,8.81979839900541,1.0376584236479895,0.9606624770397949,0.9791869021686301,49.52252929203208,50.47747070796791,-167.72225400478285
Balanced,500c,500,10,Habit-driven,1.4530818977677427,8.667075738748677,1.0923814449266227,1.0184044726630315,0.43467742510471113,70.08582752476151,29.914172475238487,-283.0710647050471
Balanced,500c,500,10,Price-responsive,5.938699575409161,7.978523818598139,3.171100638413853,5.283931543047601,0.6547680323615606,88.97455538797064,11.025444612029373,-0.030048102650798447
Balanced,500c,500,10,Social-influenced,2.456759862290705,8.639843895805516,1.5465784195851728,0.9671127436514598,1.4896471186392448,39.36537544820174,60.63462455179827,-1134.7840324102028
