pop_label,network_code,N,seed,dominant_group,cost_norm_mean,cost_norm_day29,adjustment_mean
Habitual,500a,500,1,Habit-driven,8.797658991734282,8.666899834641193,0.918441092187491
Habitual,500a,500,1,Price-responsive,7.951672155497544,7.30204525825015,3.1718162882626113
Habitual,500a,500,1,Social-influenced,8.831522490834475,9.021011148436354,1.0414460425115493
Habitual,500a,500,2,Habit-driven,8.78433886324929,8.642767785205704,0.8843988792529851
Habitual,500a,500,2,Price-responsive,8.019600419758483,7.542642234051455,3.3281546643258064
Habitual,500a,500,2,Social-influenced,8.835948187830883,8.556877651901612,0.9466820714813851
Habitual,500a,500,3,Habit-driven,8.785707962363402,8.609361100032237,0.8928516183682701
Habitual,500a,500,3,Price-responsive,7.984341614780576,7.267217016665223,3.3081120618036404
Habitual,500a,500,3,Social-influenced,8.779561027312733,8.910305048775266,0.9931684086750454
Habitual,500a,500,4,Habit-driven,8.686654379604466,8.508017672730336,0.922570274248137
Habitual,500a,500,4,Price-responsive,7.869917416730073,7.150260706743314,3.2840080781860537
Habitual,500a,500,4,Social-influenced,8.774479914712005,8.392808840626797,1.076985002042746
Habitual,500a,500,5,Habit-driven,8.795759976202543,8.585708999146496,0.923690072702871
Habitual,500a,500,5,Price-responsive,7.994605610228827,6.967649284981802,3.293775420404269
Habitual,500a,500,5,Social-influenced,8.854245184831795,8.841000565196941,0.981387968230707
Habitual,500a,500,6,Habit-driven,8.762653604607515,8.646643022805845,0.9149493596630165
Habitual,500a,500,6,Price-responsive,7.883444177507163,6.813330293053131,3.405653128221544
Habitual,500a,500,6,Social-influenced,8.766630561301515,8.662363085305234,1.1145185811772085
Habitual,500a,500,7,Habit-driven,8.774438438369133,8.510891537273142,0.892191768430698
Habitual,500a,500,7,Price-responsive,7.9130651957430596,6.7036009333873485,3.3005132307423763
Habitual,500a,500,7,Social-influenced,8.800859962126346,8.652954998742228,0.9933918055422759
Habitual,500a,500,8,Habit-driven,8.778848606786122,8.593780524293345,0.940854264821418
Habitual,500a,500,8,Price-responsive,7.945496318039958,7.2224506258018275,3.2987758457542866
Habitual,500a,500,8,Social-influenced,8.75251105026904,8.819136607601632,1.1499164949816634
Habitual,500a,500,9,Habit-driven,8.749931041485327,8.646320648319108,0.9487170773173527
Habitual,500a,500,9,Price-responsive,7.874176806043605,7.494017666694757,3.318597501185629
Habitual,500a,500,9,Social-influenced,8.769772171373706,8.80037967706209,0.9990117806236966
Habitual,500a,500,10,Habit-driven,8.7992977065391,8.668874642031048,0.8904846602556195
Habitual,500a,500,10,Price-responsive,7.8662859963193,7.235725845790572,3.1643033463934063
Habitual,500a,500,10,Social-influenced,8.872014426665675,8.814294703134594,0.9802532863712906
Habitual,500b,500,1,Habit-driven,8.803376113616855,8.624882469556653,0.9235709663549796
Habitual,500b,500,1,Price-responsive,7.953302282864086,7.265772431010228,3.1659671745048343
Habitual,500b,500,1,Social-influenced,8.842935158889428,8.700018913340474,1.079421201352319
Habitual,500b,500,2,Habit-driven,8.793629599312538,8.660689128598994,0.8837551901145465
Habitual,500b,500,2,Price-responsive,8.021921211458716,7.535275542811002,3.3094852259097616
Habitual,500b,500,2,Social-influenced,8.803220660959115,8.742995510240524,1.0041167064903689
Habitual,500b,500,3,Habit-driven,8.778880592258712,8.605819128015712,0.8891306772460924
Habitual,500b,500,3,Price-responsive,7.961805530358716,7.37312041140838,3.2920146471823704
Habitual,500b,500,3,Social-influenced,8.78525283975567,9.015133571565976,0.9423684075215444
Habitual,500b,500,4,Habit-driven,8.693888914196059,8.586512576412746,0.9270633356646801
Habitual,500b,500,4,Price-responsive,7.879045718012722,7.295781767390477,3.31277783780953
Habitual,500b,500,4,Social-influenced,8.795589492258376,8.514991593187254,1.0600775514362333
Habitual,500b,500,5,Habit-driven,8.799130683432342,8.630299678230994,0.9132337009675874
Habitual,500b,500,5,Price-responsive,7.992145357472843,7.264916549402326,3.2799880099481684
Habitual,500b,500,5,Social-influenced,8.840128253450532,8.87332024448509,0.9963644977693532
Habitual,500b,500,6,Habit-driven,8.766961270361888,8.626046752312575,0.9132981681821594
Habitual,500b,500,6,Price-responsive,7.897927025940148,6.823581964744244,3.4065737224979413
Habitual,500b,500,6,Social-influenced,8.770494508432842,8.115728914436916,1.1139425113636046
Habitual,500b,500,7,Habit-driven,8.76034838552948,8.52392612527965,0.8877829022473118
Habitual,500b,500,7,Price-responsive,7.904735139483093,6.675315652839423,3.3059382368568233
Habitual,500b,500,7,Social-influenced,8.777886986819025,8.686374503362957,0.9926644922108898
Habitual,500b,500,8,Habit-driven,8.777776037770824,8.602939404624834,0.9437803193984845
Habitual,500b,500,8,Price-responsive,7.961259690292629,7.236251218559388,3.309626873868049
Habitual,500b,500,8,Social-influenced,8.717886472981167,8.620990009469747,1.1327813683692214
Habitual,500b,500,9,Habit-driven,8.739711094935654,8.52528706281651,0.9508127398432193
Habitual,500b,500,9,Price-responsive,7.8731531341198755,7.6366979801325625,3.291221376709732
Habitual,500b,500,9,Social-influenced,8.73949829786727,8.60626191730017,0.9953690214907743
Habitual,500b,500,10,Habit-driven,8.808301414378722,8.654591900927114,0.9239610712660424
Habitual,500b,500,10,Price-responsive,7.861377688915654,7.0705837712922035,3.3508559202371155
Habitual,500b,500,10,Social-influenced,8.846255136229301,8.699710691463936,1.0279816457220448
Habitual,500c,500,1,Habit-driven,8.805267804704856,8.708996139665757,0.9203999628240693
Habitual,500c,500,1,Price-responsive,7.9506530191611215,7.39475174454056,3.162889595206691
Habitual,500c,500,1,Social-influenced,8.828070912941957,8.977553297014046,1.0211330352508179
Habitual,500c,500,2,Habit-driven,8.80604145807224,8.68777903436992,0.8840145072607217
Habitual,500c,500,2,Price-responsive,8.026167664575892,7.6032077193661936,3.30850509064086
Habitual,500c,500,2,Social-influenced,8.81538179208672,8.484802143713473,0.9677820395940933
Habitual,500c,500,3,Habit-driven,8.772421961264525,8.574551911289634,0.8950894691216815
Habitual,500c,500,3,Price-responsive,7.972154932765219,7.200567830130792,3.2919250927358545
Habitual,500c,500,3,Social-influenced,8.783526708042823,8.986106193081824,0.9432566951829354
Habitual,500c,500,4,Habit-driven,8.69385155897893,8.63279835606953,0.9259886011059317
Habitual,500c,500,4,Price-responsive,7.876431299592301,7.213459585359531,3.2839266845812336
Habitual,500c,500,4,Social-influenced,8.799721613692274,8.650695511177744,1.04699583935354
Habitual,500c,500,5,Habit-driven,8.79430493920452,8.63485514123225,0.9218563405797245
Habitual,500c,500,5,Price-responsive,8.000508514729933,7.176649305252341,3.277137478290355
Habitual,500c,500,5,Social-influenced,8.88874373404956,8.89233924809111,0.9605682959333153
Habitual,500c,500,6,Habit-driven,8.768255538356296,8.5711188238741,0.9173958008361256
Habitual,500c,500,6,Price-responsive,7.883951349533162,6.535739071824647,3.4179419397346202
Habitual,500c,500,6,Social-influenced,8.816359845533691,8.696194820628433,1.0618452171982138
Habitual,500c,500,7,Habit-driven,8.765586375368766,8.497639941039239,0.889111632415344
Habitual,500c,500,7,Price-responsive,7.894590395542531,6.7172428309985674,3.3127917755921863
Habitual,500c,500,7,Social-influenced,8.779807191331411,8.751054146233711,0.9747721077496376
Habitual,500c,500,8,Habit-driven,8.7734126462835,8.643541236978589,0.9424567050847958
Habitual,500c,500,8,Price-responsive,7.941162796244586,7.127556530413503,3.2910394870687334
Habitual,500c,500,8,Social-influenced,8.722930416993021,8.782690662484876,1.1485181108579376
Habitual,500c,500,9,Habit-driven,8.744443671303191,8.649169304508675,0.9577018949344519
Habitual,500c,500,9,Price-responsive,7.8619947126746546,7.536997165451862,3.3073227503965956
Habitual,500c,500,9,Social-influenced,8.742714246947621,8.746608888864952,0.9784752406193423
Habitual,500c,500,10,Habit-driven,8.799186960020142,8.626678579639806,0.919230733948535
Habitual,500c,500,10,Price-responsive,7.85601652156779,7.178161151286144,3.3402948408795647
Habitual,500c,500,10,Social-influenced,8.818558134754843,8.545215937685397,0.9654955481430454
Progressive,500a,500,1,Habit-driven,8.685467641944063,8.418991823723362,1.1065380659140378
Progressive,500a,500,1,Price-responsive,7.925271773565373,7.296933290109552,3.3286292863780425
Progressive,500a,500,1,Social-influenced,8.614290775886314,8.372128389066942,1.67862746377094
Progressive,500a,500,2,Habit-driven,8.661100526414275,8.369409359762479,1.085488833231005
Progressive,500a,500,2,Price-responsive,7.910810947633823,7.262286935707228,3.115870321848518
Progressive,500a,500,2,Social-influenced,8.61212240808669,8.208679959018053,1.5613298273752434
Progressive,500a,500,3,Habit-driven,8.666940149381595,8.365384037462123,1.1455851409423736
Progressive,500a,500,3,Price-responsive,7.940174935020588,7.314769262937437,3.2436787594004066
Progressive,500a,500,3,Social-influenced,8.573499949490405,8.280737372379948,1.6246205746706508
Progressive,500a,500,4,Habit-driven,8.547241374077226,8.264364001773245,1.1678149773232085
Progressive,500a,500,4,Price-responsive,7.849756547576749,7.106123487197874,3.2527034745994463
Progressive,500a,500,4,Social-influenced,8.566821407666492,8.14179692964164,1.71386698677268
Progressive,500a,500,5,Habit-driven,8.658582355923546,8.283413236118962,1.1255209800157004
Progressive,500a,500,5,Price-responsive,7.901144102248712,7.279822641562633,3.1963874231832743
Progressive,500a,500,5,Social-influenced,8.626488616638447,8.382698362881337,1.6169885069791254
Progressive,500a,500,6,Habit-driven,8.641202337102914,8.3554831881102,1.0878791337360958
Progressive,500a,500,6,Price-responsive,7.919811426614651,7.366353427602371,3.2758293946925527
Progressive,500a,500,6,Social-influenced,8.609898702186676,8.148489516099339,1.6424943293177348
Progressive,500a,500,7,Habit-driven,8.656824508174344,8.347768762182788,1.1530074733244082
Progressive,500a,500,7,Price-responsive,7.90828526837914,7.166890468160185,3.2997443938404647
Progressive,500a,500,7,Social-influenced,8.598109588161849,8.276698566615261,1.6282751263056787
Progressive,500a,500,8,Habit-driven,8.654233797289338,8.454069350578166,1.106290785588148
Progressive,500a,500,8,Price-responsive,7.911609445778659,7.309023320484086,3.182356401664116
Progressive,500a,500,8,Social-influenced,8.599536345869318,8.431048248608029,1.6311086320055816
Progressive,500a,500,9,Habit-driven,8.626750722199192,8.292763135744872,1.1351583351255037
Progressive,500a,500,9,Price-responsive,7.926248001064479,7.254125214298513,3.1308380160432407
Progressive,500a,500,9,Social-influenced,8.544359080865604,8.0635948811993,1.597233745129735
Progressive,500a,500,10,Habit-driven,8.661194152152401,8.420087223421866,1.109137464291043
Progressive,500a,500,10,Price-responsive,7.910176292303734,7.255178612943382,3.2954534460670275
Progressive,500a,500,10,Social-influenced,8.603808907760369,8.609289123532381,1.657338340182381
Progressive,500b,500,1,Habit-driven,8.69019233537136,8.382838911193112,1.0880121916230514
Progressive,500b,500,1,Price-responsive,7.933358789376879,7.317522161415936,3.146796957721826
Progressive,500b,500,1,Social-influenced,8.615507678043512,8.282031783137507,1.6147905286990345
Progressive,500b,500,2,Habit-driven,8.649593066256934,8.345969362494596,1.0975353785442248
Progressive,500b,500,2,Price-responsive,7.904870593813905,7.268045199871264,3.3143825309111774
Progressive,500b,500,2,Social-influenced,8.630452675248652,8.203832825701891,1.614414245388549
Progressive,500b,500,3,Habit-driven,8.676517392505064,8.388221832713885,1.133934839007377
Progressive,500b,500,3,Price-responsive,7.9386719947805995,7.211431223462196,3.253451073857535
Progressive,500b,500,3,Social-influenced,8.563783693333773,8.385028863413279,1.6327703918494285
Progressive,500b,500,4,Habit-driven,8.542901887552803,8.28392388304372,1.1711337607204348
Progressive,500b,500,4,Price-responsive,7.862328081880305,7.1722935631397045,3.190865557041357
Progressive,500b,500,4,Social-influenced,8.555520355937254,8.098519414735524,1.718400224696549
Progressive,500b,500,5,Habit-driven,8.663245562533273,8.269734171690647,1.1174001786880914
Progressive,500b,500,5,Price-responsive,7.905387413135971,7.231157691634293,3.338846220000504
Progressive,500b,500,5,Social-influenced,8.604155474344148,8.287078454229961,1.6130847985117704
Progressive,500b,500,6,Habit-driven,8.647268739745586,8.38286876239841,1.0813466957317404
Progressive,500b,500,6,Price-responsive,7.927762980186332,7.408919290689993,3.2764655520717927
Progressive,500b,500,6,Social-influenced,8.59210282106751,8.240932138897874,1.6028739398436904
Progressive,500b,500,7,Habit-driven,8.650370864388554,8.304211782992624,1.1499093795646829
Progressive,500b,500,7,Price-responsive,7.916444653363105,7.259735156929876,3.171458559141386
Progressive,500b,500,7,Social-influenced,8.599442598057951,8.225042718741184,1.6119571306376599
Progressive,500b,500,8,Habit-driven,8.645012189310131,8.408442513768096,1.119193229695591
Progressive,500b,500,8,Price-responsive,7.904892281590437,7.272230682261873,3.190544081583822
Progressive,500b,500,8,Social-influenced,8.572346844587791,8.267735501025355,1.628872045129787
Progressive,500b,500,9,Habit-driven,8.629272006831286,8.295261683354862,1.1382898594823665
Progressive,500b,500,9,Price-responsive,7.919341936432969,7.199541630506956,3.251268293142247
Progressive,500b,500,9,Social-influenced,8.556008622091102,8.202179698549974,1.5773718168804636
Progressive,500b,500,10,Habit-driven,8.66845592869767,8.472993210114176,1.1070012803865203
Progressive,500b,500,10,Price-responsive,7.9034755249350805,7.325123683470814,3.2506589168326596
Progressive,500b,500,10,Social-influenced,8.609694336289271,8.546912021140395,1.6288902423830616
Progressive,500c,500,1,Habit-driven,8.69019146778536,8.497969102068568,1.0552400506916229
Progressive,500c,500,1,Price-responsive,7.935950930879947,7.2828351988066125,3.023628096722126
Progressive,500c,500,1,Social-influenced,8.611053416525376,8.325252677526345,1.5910304475577348
Progressive,500c,500,2,Habit-driven,8.652442398977874,8.367242588314571,1.1040484827662127
Progressive,500c,500,2,Price-responsive,7.9068942375455045,7.208893538215176,3.314237308269043
Progressive,500c,500,2,Social-influenced,8.615324575625992,8.19096814099222,1.5595461391981917
Progressive,500c,500,3,Habit-driven,8.664234856649282,8.305426452209538,1.1349645415735556
Progressive,500c,500,3,Price-responsive,7.94215940572771,7.329272135725557,3.2279734709124415
Progressive,500c,500,3,Social-influenced,8.59190959745071,8.255216786651083,1.5998423105629265
Progressive,500c,500,4,Habit-driven,8.548966555521144,8.35622962212464,1.158068067492194
Progressive,500c,500,4,Price-responsive,7.86095255351343,7.238652932794557,3.2504668585846086
Progressive,500c,500,4,Social-influenced,8.543980894671748,8.293035787259678,1.6523653945699517
Progressive,500c,500,5,Habit-driven,8.658692011004323,8.359838892242268,1.117744780073461
Progressive,500c,500,5,Price-responsive,7.915040144379169,7.191131792558496,3.329864272841227
Progressive,500c,500,5,Social-influenced,8.61518079906389,8.173809977370873,1.6047797461389934
Progressive,500c,500,6,Habit-driven,8.641043584430514,8.324611168840656,1.0846836681644125
Progressive,500c,500,6,Price-responsive,7.931903343548823,7.292578206715191,3.221361860320576
Progressive,500c,500,6,Social-influenced,8.618265075145986,8.047759895072142,1.5800717453131923
Progressive,500c,500,7,Habit-driven,8.641282570456637,8.279855438684663,1.154020173424162
Progressive,500c,500,7,Price-responsive,7.909381248022199,7.262360731637955,3.247816022477458
Progressive,500c,500,7,Social-influenced,8.61667258400419,8.239195205942647,1.594190982458809
Progressive,500c,500,8,Habit-driven,8.651408602892104,8.427889394641696,1.1100285867348618
Progressive,500c,500,8,Price-responsive,7.908153059309141,7.283980669323193,3.1684401233439172
Progressive,500c,500,8,Social-influenced,8.605620828044554,8.243619239330739,1.6041640759307205
Progressive,500c,500,9,Habit-driven,8.628344575683705,8.350897363856312,1.142042746217428
Progressive,500c,500,9,Price-responsive,7.929998453743586,7.300544073007661,3.14868046862252
Progressive,500c,500,9,Social-influenced,8.551013478852978,8.29019262311951,1.5603346269325966
Progressive,500c,500,10,Habit-driven,8.659226236564855,8.391054988533476,1.1080327861068424
Progressive,500c,500,10,Price-responsive,7.905835012960388,7.2823896623836175,3.2845952708588624
Progressive,500c,500,10,Social-influenced,8.591707800979888,8.456431777595645,1.6224987297285605
Tipping,500a,500,1,Habit-driven,8.812015282963946,8.626038793252143,0.9025054681341396
Tipping,500a,500,1,Price-responsive,8.073456501705643,7.295288528423467,3.1374675832607988
Tipping,500a,500,1,Social-influenced,8.80564869731736,8.689011446848331,1.0123904124978131
Tipping,500a,500,2,Habit-driven,8.785598850578358,8.691748491698721,0.8936247233156998
Tipping,500a,500,2,Price-responsive,7.964619256476688,7.602871180609818,3.2970817382170114
Tipping,500a,500,2,Social-influenced,8.761671372443985,8.459840509109382,0.9897673391606936
Tipping,500a,500,3,Habit-driven,8.78349811010426,8.593529696211123,0.9201763069069557
Tipping,500a,500,3,Price-responsive,7.906504736971894,6.9948069054514805,3.300862637072426
Tipping,500a,500,3,Social-influenced,8.76248029962182,8.806421633083339,1.0465778134815948
Tipping,500a,500,4,Habit-driven,8.698805587844266,8.55426756453133,0.9340782441568537
Tipping,500a,500,4,Price-responsive,7.910608969219717,7.109374514221821,3.3067752214942034
Tipping,500a,500,4,Social-influenced,8.680992698104689,8.560705459988295,1.080815349499826
Tipping,500a,500,5,Habit-driven,8.796975004858549,8.638941863844739,0.9435514433367628
Tipping,500a,500,5,Price-responsive,7.984592818012043,7.482944012745951,3.2307084466129097
Tipping,500a,500,5,Social-influenced,8.817512869006126,8.77772840206598,1.015768160834474
Tipping,500a,500,6,Habit-driven,8.772350018987657,8.617635211321922,0.9154424935565331
Tipping,500a,500,6,Price-responsive,7.8990908424983335,6.9709751254086765,3.3247616243831146
Tipping,500a,500,6,Social-influenced,8.780625547978559,8.666259221132039,1.0614290685900263
Tipping,500a,500,7,Habit-driven,8.7712136684876,8.548795991278185,0.8861849385391779
Tipping,500a,500,7,Price-responsive,7.944412201342799,7.098952413319199,3.4291281067986126
Tipping,500a,500,7,Social-influenced,8.750955860070391,8.511567156893836,1.0293548968706623
Tipping,500a,500,8,Habit-driven,8.777261266331154,8.62584944518845,0.9468123538840553
Tipping,500a,500,8,Price-responsive,7.932079035882403,7.295656348407035,3.403894329024475
Tipping,500a,500,8,Social-influenced,8.74583635769626,8.621034008108714,1.0841989830603094
Tipping,500a,500,9,Habit-driven,8.763980940382156,8.681763764568824,0.9363263939735926
Tipping,500a,500,9,Price-responsive,7.881133283155707,7.405135072967237,3.30978017030925
Tipping,500a,500,9,Social-influenced,8.738648995121054,8.78771472917687,1.091862991936442
Tipping,500a,500,10,Habit-driven,8.807582868033254,8.647511956941694,0.9109896413321256
Tipping,500a,500,10,Price-responsive,7.95443694550503,7.252939501947717,3.4201661429483488
Tipping,500a,500,10,Social-influenced,8.798429225592699,8.86186397872146,1.0414769426016195
Tipping,500b,500,1,Habit-driven,8.810031875242014,8.591941689846808,0.899674661928932
Tipping,500b,500,1,Price-responsive,8.053737607304218,7.115705493165544,3.1390942105134996
Tipping,500b,500,1,Social-influenced,8.801709673193173,8.597333513453737,1.0031573399061673
Tipping,500b,500,2,Habit-driven,8.790346279707453,8.681043449340104,0.8966821453606976
Tipping,500b,500,2,Price-responsive,7.938691657534537,7.4872830428772215,3.2819403145723087
Tipping,500b,500,2,Social-influenced,8.786926718706528,8.575818970050902,1.014387927163254
Tipping,500b,500,3,Habit-driven,8.785033676018458,8.508235601880196,0.9210011619139346
Tipping,500b,500,3,Price-responsive,7.915367498904725,7.101315460827868,3.2970579940424436
Tipping,500b,500,3,Social-influenced,8.760489439271455,8.62361793863576,1.0468324284791732
Tipping,500b,500,4,Habit-driven,8.70614375132962,8.504448706061543,0.9387143865018513
Tipping,500b,500,4,Price-responsive,7.901620677260921,6.920482736596088,3.3123179728686267
Tipping,500b,500,4,Social-influenced,8.70012795556604,8.52447427337541,1.0867665513838027
Tipping,500b,500,5,Habit-driven,8.797766750462717,8.623441504014007,0.9367181128523855
Tipping,500b,500,5,Price-responsive,8.002608163082988,7.423447179560412,3.219478515423319
Tipping,500b,500,5,Social-influenced,8.845407982765149,8.637505203746953,1.017885796829292
Tipping,500b,500,6,Habit-driven,8.772866532659473,8.600072784591376,0.9009370080705026
Tipping,500b,500,6,Price-responsive,7.913641339833606,7.176330725112502,3.3062800946285416
Tipping,500b,500,6,Social-influenced,8.772563147812296,8.578424618292022,1.0545380917243332
Tipping,500b,500,7,Habit-driven,8.772421129291166,8.618494250925016,0.8811782493843416
Tipping,500b,500,7,Price-responsive,7.945290604717394,7.0821829746505855,3.4134396605952846
Tipping,500b,500,7,Social-influenced,8.744808488044624,8.418519727471384,1.026581425337789
Tipping,500b,500,8,Habit-driven,8.77787055774096,8.67582225811943,0.9466870733422448
Tipping,500b,500,8,Price-responsive,7.925920192667442,7.216547929604689,3.4099826725345683
Tipping,500b,500,8,Social-influenced,8.744026662836971,8.67742561540389,1.0675269052900815
Tipping,500b,500,9,Habit-driven,8.757438152186772,8.629970442379156,0.9225786617765246
Tipping,500b,500,9,Price-responsive,7.894867798491954,7.101159377492764,3.2381863595643545
Tipping,500b,500,9,Social-influenced,8.732040559131637,8.719278807068653,1.0626436847140297
Tipping,500b,500,10,Habit-driven,8.810695531294563,8.649474533577228,0.9155941735737575
Tipping,500b,500,10,Price-responsive,7.959144661649134,7.239068068725223,3.422495622798146
Tipping,500b,500,10,Social-influenced,8.830921016766261,8.83858365177208,1.052778552254888
Tipping,500c,500,1,Habit-driven,8.806187299666924,8.551920447215933,0.8962249339968763
Tipping,500c,500,1,Price-responsive,8.060728464218437,7.18980393045187,3.129477963112714
Tipping,500c,500,1,Social-influenced,8.799961250282637,8.628960785819226,1.0087899417599127
Tipping,500c,500,2,Habit-driven,8.79254080383069,8.720119464212443,0.8936306778568094
Tipping,500c,500,2,Price-responsive,7.931004833108449,7.488794520578483,3.267235549880815
Tipping,500c,500,2,Social-influenced,8.78314431507857,8.693239659823103,0.9879592518362261
Tipping,500c,500,3,Habit-driven,8.792305456105725,8.596038828734024,0.9212234097194617
Tipping,500c,500,3,Price-responsive,7.938249676297642,7.1594924108272595,3.291917181515447
Tipping,500c,500,3,Social-influenced,8.758077349593492,8.702315878912238,1.0590961565595893
Tipping,500c,500,4,Habit-driven,8.69378128840967,8.609339960843151,0.9355903994933005
Tipping,500c,500,4,Price-responsive,7.900199137370529,7.055182979523523,3.2987069090643333
Tipping,500c,500,4,Social-influenced,8.689669268917473,8.527908032634105,1.0551263337820118
Tipping,500c,500,5,Habit-driven,8.799702992557943,8.564918105853,0.9470611419097299
Tipping,500c,500,5,Price-responsive,7.987119989099342,7.377056221163749,3.2202158074667877
Tipping,500c,500,5,Social-influenced,8.855018216826315,8.628775244489045,1.0343429457852928
Tipping,500c,500,6,Habit-driven,8.771491873772584,8.56420437688146,0.9144045488806044
Tipping,500c,500,6,Price-responsive,7.910234376289214,7.004080061622192,3.303574493732587
Tipping,500c,500,6,Social-influenced,8.75535128417863,8.506171612460367,1.0640155294640687
Tipping,500c,500,7,Habit-driven,8.765997395832665,8.556939862013481,0.8815961172625414
Tipping,500c,500,7,Price-responsive,7.954421082572441,7.14986764093546,3.391304575019899
Tipping,500c,500,7,Social-influenced,8.7578190320893,8.52950977324875,1.032259689277349
Tipping,500c,500,8,Habit-driven,8.782292018308693,8.703209934393119,0.9421410393069193
Tipping,500c,500,8,Price-responsive,7.927601348693843,7.434870881569136,3.4037301116206033
Tipping,500c,500,8,Social-influenced,8.739178552458462,8.556515198187931,1.0733875555403827
Tipping,500c,500,9,Habit-driven,8.762351503965123,8.70473274327761,0.9327257058008492
Tipping,500c,500,9,Price-responsive,7.893916272034372,7.264868170805386,3.261975412511111
Tipping,500c,500,9,Social-influenced,8.737068836970748,8.662529857000846,1.0746471526413133
Tipping,500c,500,10,Habit-driven,8.806285775601816,8.649808392995435,0.9089074966587745
Tipping,500c,500,10,Price-responsive,7.975950637051261,7.176938223254379,3.405518363478079
Tipping,500c,500,10,Social-influenced,8.81979839900541,8.809881220236893,1.0376584236479893
Balanced,500a,500,1,Habit-driven,8.70116075621613,8.489334695612719,1.0524995411065443
Balanced,500a,500,1,Price-responsive,7.9864491675721005,7.429040628432735,3.2322838133970517
Balanced,500a,500,1,Social-influenced,8.67561692587836,8.394829938153157,1.514095141581224
Balanced,500a,500,2,Habit-driven,8.668359638501258,8.470130588712337,1.1215363439710082
Balanced,500a,500,2,Price-responsive,7.908210649499294,7.199316237596201,3.359764062783921
Balanced,500a,500,2,Social-influenced,8.58860363348414,8.315331291790937,1.6019426554172156
Balanced,500a,500,3,Habit-driven,8.69588632909178,8.399608306461417,1.0898984559521545
Balanced,500a,500,3,Price-responsive,7.983370902550238,7.321204085214395,3.1449413604589536
Balanced,500a,500,3,Social-influenced,8.641541484338038,8.496870177056719,1.5157489662353347
Balanced,500a,500,4,Habit-driven,8.569784634223947,8.360439459284967,1.1238933636885164
Balanced,500a,500,4,Price-responsive,7.87978453154419,7.312866868557016,3.2338606549488578
Balanced,500a,500,4,Social-influenced,8.521287910273264,8.319575674655264,1.5802106302621635
Balanced,500a,500,5,Habit-driven,8.701121236870579,8.401411018305062,1.0921285744557754
Balanced,500a,500,5,Price-responsive,7.894044203010709,7.331487805307552,3.2252255984529614
Balanced,500a,500,5,Social-influenced,8.65455989519979,8.344267793553419,1.517630254560438
Balanced,500a,500,6,Habit-driven,8.669995272346274,8.39250286708605,1.068007171481861
Balanced,500a,500,6,Price-responsive,7.957737721914204,7.080895845335445,3.2888239958211387
Balanced,500a,500,6,Social-influenced,8.639342551611545,8.32282302616758,1.5719286488988269
Balanced,500a,500,7,Habit-driven,8.646440059449217,8.349351080043773,1.138053454342226
Balanced,500a,500,7,Price-responsive,7.916383420288334,7.2634427590880755,3.1702368580237645
Balanced,500a,500,7,Social-influenced,8.607188207296893,8.04210568528452,1.5740961350488898
Balanced,500a,500,8,Habit-driven,8.676922382460253,8.502044035716896,1.128101359064278
Balanced,500a,500,8,Price-responsive,7.925638055720466,7.325244155171882,3.1836468496806294
Balanced,500a,500,8,Social-influenced,8.649874664835849,8.428083671613585,1.5693242984599451
Balanced,500a,500,9,Habit-driven,8.623041829337355,8.337634527584225,1.166252511184902
Balanced,500a,500,9,Price-responsive,7.901826796270742,7.130088237729186,3.2809599658171344
Balanced,500a,500,9,Social-influenced,8.532440940499287,8.240214264425704,1.6345827736704306
Balanced,500a,500,10,Habit-driven,8.665965067282706,8.509460517952105,1.0986046619459193
Balanced,500a,500,10,Price-responsive,7.977915023132825,7.444324559510953,3.1265688726346936
Balanced,500a,500,10,Social-influenced,8.642251129994449,8.560431820272898,1.5727256502459328
Balanced,500b,500,1,Habit-driven,8.693895549649639,8.513464919235235,1.04760341162972
Balanced,500b,500,1,Price-responsive,7.9869337849399695,7.52544362355688,3.2226540947610607
Balanced,500b,500,1,Social-influenced,8.664254764744749,8.514685926063219,1.4940472536499352
Balanced,500b,500,2,Habit-driven,8.662536787524504,8.474067812485977,1.1107717085226225
Balanced,500b,500,2,Price-responsive,7.903815847807994,7.277206707948697,3.246629280933223
Balanced,500b,500,2,Social-influenced,8.593072350175392,8.237332688098954,1.60529548318256
Balanced,500b,500,3,Habit-driven,8.678662576475476,8.476874308202685,1.1155066707642285
Balanced,500b,500,3,Price-responsive,7.942264218893531,7.245690194966125,3.251546012981786
Balanced,500b,500,3,Social-influenced,8.61098230325906,8.460153336837529,1.556490561874597
Balanced,500b,500,4,Habit-driven,8.584587807821274,8.430031763568195,1.1275762362710093
Balanced,500b,500,4,Price-responsive,7.900471874568168,7.284568884760567,3.2454891216176223
Balanced,500b,500,4,Social-influenced,8.548274037645985,8.367874216590302,1.5660587741582832
Balanced,500b,500,5,Habit-driven,8.687868721880175,8.397332322750731,1.0983430419709401
Balanced,500b,500,5,Price-responsive,7.880291447563241,7.260416549453807,3.253186845573487
Balanced,500b,500,5,Social-influenced,8.644586866831803,8.185742305775978,1.5636883827537462
Balanced,500b,500,6,Habit-driven,8.663929922116054,8.364766948734038,1.0585703487111278
Balanced,500b,500,6,Price-responsive,7.9519288780584,7.1827338327620875,3.1087298415903994
Balanced,500b,500,6,Social-influenced,8.644541309219084,8.354001781360317,1.5486179442409143
Balanced,500b,500,7,Habit-driven,8.661745854125817,8.36370915921152,1.1076008371423136
Balanced,500b,500,7,Price-responsive,7.925321280035013,7.22827151273635,3.0684690693927155
Balanced,500b,500,7,Social-influenced,8.624025406850745,8.309548433313369,1.5261801730070526
Balanced,500b,500,8,Habit-driven,8.662208719572064,8.40154019680668,1.1363759337681392
Balanced,500b,500,8,Price-responsive,7.908532118435869,7.28454753265228,3.310090600434348
Balanced,500b,500,8,Social-influenced,8.62557459834264,8.25430761732359,1.5888912877271009
Balanced,500b,500,9,Habit-driven,8.643629373850057,8.416594779607927,1.1327523610161383
Balanced,500b,500,9,Price-responsive,7.918025928232312,7.170600164651048,3.1764002376402423
Balanced,500b,500,9,Social-influenced,8.564950849895919,8.171339666171125,1.570930203632022
Balanced,500b,500,10,Habit-driven,8.685844673952959,8.552592455726055,1.09675886081824
Balanced,500b,500,10,Price-responsive,7.980966380885438,7.459139802967667,3.103473215878479
Balanced,500b,500,10,Social-influenced,8.650192448563397,8.549311216603783,1.5738552753312103
Balanced,500c,500,1,Habit-driven,8.710737752657456,8.56780993403059,1.0401208779753814
Balanced,500c,500,1,Price-responsive,7.987451139120283,7.568350662557167,3.1782489848651188
Balanced,500c,500,1,Social-influenced,8.659225392571994,8.467168410046186,1.4809889743371007
Balanced,500c,500,2,Habit-driven,8.664998732701683,8.400755244771142,1.081404051710966
Balanced,500c,500,2,Price-responsive,7.897811805305999,7.303911568942768,3.114170225841724
Balanced,500c,500,2,Social-influenced,8.590775548482405,8.192306210154516,1.524207589254295
Balanced,500c,500,3,Habit-driven,8.689352277316452,8.37025268259103,1.0857747566562856
Balanced,500c,500,3,Price-responsive,7.986172448097666,7.2269377315073715,3.1636657856537265
Balanced,500c,500,3,Social-influenced,8.61689966614029,8.412103801819296,1.5135328304701205
Balanced,500c,500,4,Habit-driven,8.579813385265307,8.353789567211287,1.122906058475827
Balanced,500c,500,4,Price-responsive,7.917922246614657,7.325234740609417,3.2381842388332656
Balanced,500c,500,4,Social-influenced,8.559645503955382,8.31069973990611,1.5483477664794643
Balanced,500c,500,5,Habit-driven,8.697562398317052,8.349465829340271,1.103130153339235
Balanced,500c,500,5,Price-responsive,7.889692248597801,7.290625292195551,3.2442084551740105
Balanced,500c,500,5,Social-influenced,8.649267332623657,8.33723751585866,1.5453476590439335
Balanced,500c,500,6,Habit-driven,8.673435236061355,8.423171284987246,1.058291360948523
Balanced,500c,500,6,Price-responsive,7.945928922799042,7.135758771448128,3.098953805321779
Balanced,500c,500,6,Social-influenced,8.647148838285641,8.256230142924123,1.5283765799354858
Balanced,500c,500,7,Habit-driven,8.654255845650882,8.397067883059954,1.118022231448832
Balanced,500c,500,7,Price-responsive,7.927982176098145,7.213504465344366,3.1646837428398196
Balanced,500c,500,7,Social-influenced,8.625599275193753,8.181416187714396,1.5425175378222993
Balanced,500c,500,8,Habit-driven,8.678761084495576,8.496436052385691,1.1093589451693497
Balanced,500c,500,8,Price-responsive,7.919607319664404,7.4089677625108585,3.0902069136944754
Balanced,500c,500,8,Social-influenced,8.623169945606286,8.332391535842492,1.5365437476831443
Balanced,500c,500,9,Habit-driven,8.641890714793787,8.384511301247944,1.163155944152453
Balanced,500c,500,9,Price-responsive,7.905010417606774,7.101041673676188,3.307082572970505
Balanced,500c,500,9,Social-influenced,8.569149128957505,8.384461230205076,1.596664763295333
Balanced,500c,500,10,Habit-driven,8.667075738748677,8.537547176818467,1.0923814449266227
Balanced,500c,500,10,Price-responsive,7.978523818598139,7.516302122377363,3.1711006384138525
Balanced,500c,500,10,Social-influenced,8.639843895805516,8.385233501819386,1.546578419585173
